product_or_source_label,method,archive_document_count_2026,proposed_format_id,proposed_profile_key,process_area,sampling_plan_source,review_status,owner_decision
Cheers Baby Oil,Accupoint,48,EM-5C-GROUPED,CHEERS-BABY-OIL-ACCUPOINT,OWNER TO CONFIRM (Compounding / Filling / Weighing / other),OWNER TO IDENTIFY controlled approved plan,PROPOSED SHARED FORMAT — CONFIRM PRODUCT/METHOD APPLICABILITY,
Cheers Baby Oil,SPC/MY,50,EM-5C-GROUPED,CHEERS-BABY-OIL-SPC-MY,OWNER TO CONFIRM (Compounding / Filling / Weighing / other),OWNER TO IDENTIFY controlled approved plan,PROPOSED SHARED FORMAT — CONFIRM PRODUCT/METHOD APPLICABILITY,
Dr. Wong's Apple Fruit Juice,Accupoint,16,EM-5C-GROUPED,DR-WONG-S-APPLE-FRUIT-JUICE-ACCUPOINT,OWNER TO CONFIRM (Compounding / Filling / Weighing / other),OWNER TO IDENTIFY controlled approved plan,PROPOSED SHARED FORMAT — CONFIRM PRODUCT/METHOD APPLICABILITY,
Dr. Wong's Apple Fruit Juice,SPC/MY,14,EM-5C-GROUPED,DR-WONG-S-APPLE-FRUIT-JUICE-SPC-MY,OWNER TO CONFIRM (Compounding / Filling / Weighing / other),OWNER TO IDENTIFY controlled approved plan,PROPOSED SHARED FORMAT — CONFIRM PRODUCT/METHOD APPLICABILITY,
Dr. Wong's Lightening Face Cream,Accupoint,19,EM-5C-GROUPED,DR-WONG-S-LIGHTENING-FACE-CREAM-ACCUPOINT,OWNER TO CONFIRM (Compounding / Filling / Weighing / other),OWNER TO IDENTIFY controlled approved plan,PROPOSED SHARED FORMAT — CONFIRM PRODUCT/METHOD APPLICABILITY,
Dr. Wong's Lightening Face Cream,SPC/MY,21,EM-5C-GROUPED,DR-WONG-S-LIGHTENING-FACE-CREAM-SPC-MY,OWNER TO CONFIRM (Compounding / Filling / Weighing / other),OWNER TO IDENTIFY controlled approved plan,PROPOSED SHARED FORMAT — CONFIRM PRODUCT/METHOD APPLICABILITY,
Dr. Wong's Lightening Lotion,Accupoint,25,EM-5C-GROUPED,DR-WONG-S-LIGHTENING-LOTION-ACCUPOINT,OWNER TO CONFIRM (Compounding / Filling / Weighing / other),OWNER TO IDENTIFY controlled approved plan,PROPOSED SHARED FORMAT — CONFIRM PRODUCT/METHOD APPLICABILITY,
Dr. Wong's Lightening Lotion,SPC/MY,26,EM-5C-GROUPED,DR-WONG-S-LIGHTENING-LOTION-SPC-MY,OWNER TO CONFIRM (Compounding / Filling / Weighing / other),OWNER TO IDENTIFY controlled approved plan,PROPOSED SHARED FORMAT — CONFIRM PRODUCT/METHOD APPLICABILITY,
Efficascent Boost Pain Relief Massage Roll On,Accupoint,70,EM-5C-GROUPED,EFFICASCENT-BOOST-PAIN-RELIEF-MASSAGE-ROLL-ON-ACCUPOINT,OWNER TO CONFIRM (Compounding / Filling / Weighing / other),OWNER TO IDENTIFY controlled approved plan,PROPOSED SHARED FORMAT — CONFIRM PRODUCT/METHOD APPLICABILITY,
Efficascent Boost Pain Relief Massage Roll On,SPC/MY,85,EM-5C-GROUPED,EFFICASCENT-BOOST-PAIN-RELIEF-MASSAGE-ROLL-ON-SPC-MY,OWNER TO CONFIRM (Compounding / Filling / Weighing / other),OWNER TO IDENTIFY controlled approved plan,PROPOSED SHARED FORMAT — CONFIRM PRODUCT/METHOD APPLICABILITY,
Herbycin Cooling Mouth Spray,Accupoint,16,EM-5C-GROUPED,HERBYCIN-COOLING-MOUTH-SPRAY-ACCUPOINT,OWNER TO CONFIRM (Compounding / Filling / Weighing / other),OWNER TO IDENTIFY controlled approved plan,PROPOSED SHARED FORMAT — CONFIRM PRODUCT/METHOD APPLICABILITY,
Herbycin Cooling Mouth Spray,SPC/MY,17,EM-5C-GROUPED,HERBYCIN-COOLING-MOUTH-SPRAY-SPC-MY,OWNER TO CONFIRM (Compounding / Filling / Weighing / other),OWNER TO IDENTIFY controlled approved plan,PROPOSED SHARED FORMAT — CONFIRM PRODUCT/METHOD APPLICABILITY,
Herbycin Nature's Leaf,Accupoint,1,EM-5C-GROUPED,HERBYCIN-NATURE-S-LEAF-ACCUPOINT,OWNER TO CONFIRM (Compounding / Filling / Weighing / other),OWNER TO IDENTIFY controlled approved plan,PROPOSED SHARED FORMAT — CONFIRM PRODUCT/METHOD APPLICABILITY,
Herbycin Nature's Leaf,SPC/MY,1,EM-5C-GROUPED,HERBYCIN-NATURE-S-LEAF-SPC-MY,OWNER TO CONFIRM (Compounding / Filling / Weighing / other),OWNER TO IDENTIFY controlled approved plan,PROPOSED SHARED FORMAT — CONFIRM PRODUCT/METHOD APPLICABILITY,
Herbycin Syrup Filling LYI22 SPCMY (AV).docx,SPC/MY,1,EM-5C-GROUPED,HERBYCIN-SYRUP-FILLING-LYI22-SPCMY-AV-DOCX-SPC-MY,OWNER TO CONFIRM (Compounding / Filling / Weighing / other),OWNER TO IDENTIFY controlled approved plan,PROPOSED SHARED FORMAT — CONFIRM PRODUCT/METHOD APPLICABILITY,
Herbycin Syrup,Accupoint,81,EM-5C-GROUPED,HERBYCIN-SYRUP-ACCUPOINT,OWNER TO CONFIRM (Compounding / Filling / Weighing / other),OWNER TO IDENTIFY controlled approved plan,PROPOSED SHARED FORMAT — CONFIRM PRODUCT/METHOD APPLICABILITY,
Herbycin Syrup,SPC/MY,79,EM-5C-GROUPED,HERBYCIN-SYRUP-SPC-MY,OWNER TO CONFIRM (Compounding / Filling / Weighing / other),OWNER TO IDENTIFY controlled approved plan,PROPOSED SHARED FORMAT — CONFIRM PRODUCT/METHOD APPLICABILITY,
Mama's Love Baby Oil,Accupoint,55,EM-5C-GROUPED,MAMA-S-LOVE-BABY-OIL-ACCUPOINT,OWNER TO CONFIRM (Compounding / Filling / Weighing / other),OWNER TO IDENTIFY controlled approved plan,PROPOSED SHARED FORMAT — CONFIRM PRODUCT/METHOD APPLICABILITY,
Mama's Love Baby Oil,SPC/MY,52,EM-5C-GROUPED,MAMA-S-LOVE-BABY-OIL-SPC-MY,OWNER TO CONFIRM (Compounding / Filling / Weighing / other),OWNER TO IDENTIFY controlled approved plan,PROPOSED SHARED FORMAT — CONFIRM PRODUCT/METHOD APPLICABILITY,
Omega Pain Killer Liniment - Export,Accupoint,33,EM-5C-GROUPED,OMEGA-PAIN-KILLER-LINIMENT-EXPORT-ACCUPOINT,OWNER TO CONFIRM (Compounding / Filling / Weighing / other),OWNER TO IDENTIFY controlled approved plan,PROPOSED SHARED FORMAT — CONFIRM PRODUCT/METHOD APPLICABILITY,
Omega Pain Killer Liniment - Export,SPC/MY,32,EM-5C-GROUPED,OMEGA-PAIN-KILLER-LINIMENT-EXPORT-SPC-MY,OWNER TO CONFIRM (Compounding / Filling / Weighing / other),OWNER TO IDENTIFY controlled approved plan,PROPOSED SHARED FORMAT — CONFIRM PRODUCT/METHOD APPLICABILITY,
SPCMY - Water Treatment Validation- Source.docx,SPC/MY,1,EM-WATER-4C,SPCMY-WATER-TREATMENT-VALIDATION-SOURCE-DOCX-SPC-MY,OWNER TO CONFIRM (Compounding / Filling / Weighing / other),OWNER TO IDENTIFY controlled approved plan,OWNER REVIEW — HISTORICAL VALIDATION FORM,
SPCMY - Water Treatment Validation- T3 SP.docx,SPC/MY,1,EM-WATER-4C,SPCMY-WATER-TREATMENT-VALIDATION-T3-SP-DOCX-SPC-MY,OWNER TO CONFIRM (Compounding / Filling / Weighing / other),OWNER TO IDENTIFY controlled approved plan,OWNER REVIEW — HISTORICAL VALIDATION FORM,
SPCMY - Water Treatment Validation- T4 SP.docx,SPC/MY,1,EM-WATER-4C,SPCMY-WATER-TREATMENT-VALIDATION-T4-SP-DOCX-SPC-MY,OWNER TO CONFIRM (Compounding / Filling / Weighing / other),OWNER TO IDENTIFY controlled approved plan,OWNER REVIEW — HISTORICAL VALIDATION FORM,
Herbycin Syrup — GIP,GIP,0,EM-GIP-4C,HERBYCIN-SYRUP-GIP,OWNER TO CONFIRM,OWNER TO IDENTIFY,OWNER REVIEW — TWO HISTORICAL 2024 REPORTS,
Warehouse 4 Internal Sampling Area — Qualification,SPC / Active Air / Passive Air,0,EM-WH-PHASE-7C,WAREHOUSE-4-QUALIFICATION,Warehouse 4,OWNER TO IDENTIFY,OWNER REVIEW — THREE HISTORICAL 2025 REPORTS,
