product,method,process_area,test_or_criterion_context,candidate_location_from_archive,candidate_historical_criterion,observed_occurrences_high_confidence,distinct_archive_reports,format_candidate,source_type,current_sampling_plan_approval,owner_review
Cheers Baby Oil,Accupoint,Compounding,Accupoint,Filling Tank,,2,2,EM-5C-GROUPED,Historical archive evidence; not approved sampling plan,UNCONFIRMED,
Cheers Baby Oil,Accupoint,Compounding,Accupoint,Holding Tank,Not more than 100 RLU,2,2,EM-5C-GROUPED,Historical archive evidence; not approved sampling plan,UNCONFIRMED,
Cheers Baby Oil,Accupoint,Compounding,Accupoint,Mixing Tank 2,Not more than 100 RLU,9,9,EM-5C-GROUPED,Historical archive evidence; not approved sampling plan,UNCONFIRMED,
Cheers Baby Oil,Accupoint,Compounding,Accupoint,Mixing Tank 3,Not more than 100 RLU,5,5,EM-5C-GROUPED,Historical archive evidence; not approved sampling plan,UNCONFIRMED,
Cheers Baby Oil,Accupoint,Compounding,Accupoint,Nozzle,,2,2,EM-5C-GROUPED,Historical archive evidence; not approved sampling plan,UNCONFIRMED,
Cheers Baby Oil,Accupoint,Compounding,Accupoint,Pipe,,2,2,EM-5C-GROUPED,Historical archive evidence; not approved sampling plan,UNCONFIRMED,
Cheers Baby Oil,Accupoint,Compounding,Accupoint,Spatula,,13,13,EM-5C-GROUPED,Historical archive evidence; not approved sampling plan,UNCONFIRMED,
Cheers Baby Oil,Accupoint,Filling,Accupoint,Filling Tank,,7,7,EM-5C-GROUPED,Historical archive evidence; not approved sampling plan,UNCONFIRMED,
Cheers Baby Oil,Accupoint,Filling,Accupoint,Holding Tank,Not more than 100 RLU,7,7,EM-5C-GROUPED,Historical archive evidence; not approved sampling plan,UNCONFIRMED,
Cheers Baby Oil,Accupoint,Filling,Accupoint,Nozzle,,7,7,EM-5C-GROUPED,Historical archive evidence; not approved sampling plan,UNCONFIRMED,
Cheers Baby Oil,Accupoint,Filling,Accupoint,Pipe,,7,7,EM-5C-GROUPED,Historical archive evidence; not approved sampling plan,UNCONFIRMED,
Cheers Baby Oil,SPC/MY,Compounding,SPC/MY,Mixing Tank 2,Not more than 100 cfu/mL,6,6,EM-5C-GROUPED,Historical archive evidence; not approved sampling plan,UNCONFIRMED,
Cheers Baby Oil,SPC/MY,Compounding,SPC/MY,Mixing Tank 2,Not more than 30 cfu/mL,6,6,EM-5C-GROUPED,Historical archive evidence; not approved sampling plan,UNCONFIRMED,
Cheers Baby Oil,SPC/MY,Compounding,SPC/MY,Mixing Tank 3,Not more than 100 cfu/mL,4,4,EM-5C-GROUPED,Historical archive evidence; not approved sampling plan,UNCONFIRMED,
Cheers Baby Oil,SPC/MY,Compounding,SPC/MY,Mixing Tank 3,Not more than 30 cfu/mL,4,4,EM-5C-GROUPED,Historical archive evidence; not approved sampling plan,UNCONFIRMED,
Cheers Baby Oil,SPC/MY,Compounding,SPC/MY,Spatula,,18,9,EM-5C-GROUPED,Historical archive evidence; not approved sampling plan,UNCONFIRMED,
Cheers Baby Oil,SPC/MY,Filling,SPC/MY,Filling Tank,,14,7,EM-5C-GROUPED,Historical archive evidence; not approved sampling plan,UNCONFIRMED,
Cheers Baby Oil,SPC/MY,Filling,SPC/MY,Holding Tank,Not more than 100 cfu/mL,7,7,EM-5C-GROUPED,Historical archive evidence; not approved sampling plan,UNCONFIRMED,
Cheers Baby Oil,SPC/MY,Filling,SPC/MY,Holding Tank,Not more than 30 c fu/mL,1,1,EM-5C-GROUPED,Historical archive evidence; not approved sampling plan,UNCONFIRMED,
Cheers Baby Oil,SPC/MY,Filling,SPC/MY,Holding Tank,Not more than 30 cfu/mL,6,6,EM-5C-GROUPED,Historical archive evidence; not approved sampling plan,UNCONFIRMED,
Cheers Baby Oil,SPC/MY,Filling,SPC/MY,Nozzle,,14,7,EM-5C-GROUPED,Historical archive evidence; not approved sampling plan,UNCONFIRMED,
Cheers Baby Oil,SPC/MY,Filling,SPC/MY,Pipe,,14,7,EM-5C-GROUPED,Historical archive evidence; not approved sampling plan,UNCONFIRMED,
Dr. Wong's Apple Fruit Juice,Accupoint,Compounding,Accupoint,Apple Crusher Port,,1,1,EM-5C-GROUPED,Historical archive evidence; not approved sampling plan,UNCONFIRMED,
Dr. Wong's Apple Fruit Juice,Accupoint,Compounding,Accupoint,Apple Crusher Surface,,1,1,EM-5C-GROUPED,Historical archive evidence; not approved sampling plan,UNCONFIRMED,
Dr. Wong's Apple Fruit Juice,Accupoint,Compounding,Accupoint,Apple Holder,,1,1,EM-5C-GROUPED,Historical archive evidence; not approved sampling plan,UNCONFIRMED,
Dr. Wong's Apple Fruit Juice,Accupoint,Compounding,Accupoint,Apple Peeler,,1,1,EM-5C-GROUPED,Historical archive evidence; not approved sampling plan,UNCONFIRMED,
Dr. Wong's Apple Fruit Juice,Accupoint,Compounding,Accupoint,Apple Slicer,,1,1,EM-5C-GROUPED,Historical archive evidence; not approved sampling plan,UNCONFIRMED,
Dr. Wong's Apple Fruit Juice,Accupoint,Compounding,Accupoint,Dip Stick 1,,3,3,EM-5C-GROUPED,Historical archive evidence; not approved sampling plan,UNCONFIRMED,
Dr. Wong's Apple Fruit Juice,Accupoint,Compounding,Accupoint,Dip Stick 2,,3,3,EM-5C-GROUPED,Historical archive evidence; not approved sampling plan,UNCONFIRMED,
Dr. Wong's Apple Fruit Juice,Accupoint,Compounding,Accupoint,Dip Stick 3,,2,2,EM-5C-GROUPED,Historical archive evidence; not approved sampling plan,UNCONFIRMED,
Dr. Wong's Apple Fruit Juice,Accupoint,Compounding,Accupoint,Dipstick 1,,1,1,EM-5C-GROUPED,Historical archive evidence; not approved sampling plan,UNCONFIRMED,
Dr. Wong's Apple Fruit Juice,Accupoint,Compounding,Accupoint,Dipstick 2,,1,1,EM-5C-GROUPED,Historical archive evidence; not approved sampling plan,UNCONFIRMED,
Dr. Wong's Apple Fruit Juice,Accupoint,Compounding,Accupoint,Dipstick 3,,1,1,EM-5C-GROUPED,Historical archive evidence; not approved sampling plan,UNCONFIRMED,
Dr. Wong's Apple Fruit Juice,Accupoint,Compounding,Accupoint,Extraction Machine Port,,1,1,EM-5C-GROUPED,Historical archive evidence; not approved sampling plan,UNCONFIRMED,
Dr. Wong's Apple Fruit Juice,Accupoint,Compounding,Accupoint,Extraction Machine Surface,,1,1,EM-5C-GROUPED,Historical archive evidence; not approved sampling plan,UNCONFIRMED,
Dr. Wong's Apple Fruit Juice,Accupoint,Compounding,Accupoint,Holding Drum 1 Port,,5,5,EM-5C-GROUPED,Historical archive evidence; not approved sampling plan,UNCONFIRMED,
Dr. Wong's Apple Fruit Juice,Accupoint,Compounding,Accupoint,Holding Drum 1 Surface,,5,5,EM-5C-GROUPED,Historical archive evidence; not approved sampling plan,UNCONFIRMED,
Dr. Wong's Apple Fruit Juice,Accupoint,Compounding,Accupoint,Holding Drum 2 Port,,5,5,EM-5C-GROUPED,Historical archive evidence; not approved sampling plan,UNCONFIRMED,
Dr. Wong's Apple Fruit Juice,Accupoint,Compounding,Accupoint,Holding Drum 2 Surface,,5,5,EM-5C-GROUPED,Historical archive evidence; not approved sampling plan,UNCONFIRMED,
Dr. Wong's Apple Fruit Juice,Accupoint,Compounding,Accupoint,Motor Pump Inlet Hose,,5,5,EM-5C-GROUPED,Historical archive evidence; not approved sampling plan,UNCONFIRMED,
Dr. Wong's Apple Fruit Juice,Accupoint,Compounding,Accupoint,Motor Pump Inlet Port,,1,1,EM-5C-GROUPED,Historical archive evidence; not approved sampling plan,UNCONFIRMED,
Dr. Wong's Apple Fruit Juice,Accupoint,Compounding,Accupoint,Motor Pump Outlet Hose,,5,5,EM-5C-GROUPED,Historical archive evidence; not approved sampling plan,UNCONFIRMED,
Dr. Wong's Apple Fruit Juice,Accupoint,Compounding,Accupoint,Motor Pump Outlet Port,,1,1,EM-5C-GROUPED,Historical archive evidence; not approved sampling plan,UNCONFIRMED,
Dr. Wong's Apple Fruit Juice,Accupoint,Compounding,Accupoint,Motor Pump Port,,4,4,EM-5C-GROUPED,Historical archive evidence; not approved sampling plan,UNCONFIRMED,
Dr. Wong's Apple Fruit Juice,Accupoint,Compounding,Accupoint,Spatula,,1,1,EM-5C-GROUPED,Historical archive evidence; not approved sampling plan,UNCONFIRMED,
Dr. Wong's Apple Fruit Juice,Accupoint,Compounding,Accupoint,Stainless Basin 1,,1,1,EM-5C-GROUPED,Historical archive evidence; not approved sampling plan,UNCONFIRMED,
Dr. Wong's Apple Fruit Juice,Accupoint,Compounding,Accupoint,Stainless Basin 2,,1,1,EM-5C-GROUPED,Historical archive evidence; not approved sampling plan,UNCONFIRMED,
Dr. Wong's Apple Fruit Juice,Accupoint,Compounding,Accupoint,Stainless Beaker,,1,1,EM-5C-GROUPED,Historical archive evidence; not approved sampling plan,UNCONFIRMED,
Dr. Wong's Apple Fruit Juice,Accupoint,Compounding,Accupoint,Stainless Drum 1,----------,1,1,EM-5C-GROUPED,Historical archive evidence; not approved sampling plan,UNCONFIRMED,
Dr. Wong's Apple Fruit Juice,Accupoint,Compounding,Accupoint,Stainless Drum 2,,1,1,EM-5C-GROUPED,Historical archive evidence; not approved sampling plan,UNCONFIRMED,
Dr. Wong's Apple Fruit Juice,Accupoint,Compounding,Accupoint,Stainless Drum 3,,1,1,EM-5C-GROUPED,Historical archive evidence; not approved sampling plan,UNCONFIRMED,
Dr. Wong's Apple Fruit Juice,Accupoint,Compounding,Accupoint,Stainless Pail,,1,1,EM-5C-GROUPED,Historical archive evidence; not approved sampling plan,UNCONFIRMED,
Dr. Wong's Apple Fruit Juice,Accupoint,Compounding,Accupoint,Steam Kettle 01 Port,,5,5,EM-5C-GROUPED,Historical archive evidence; not approved sampling plan,UNCONFIRMED,
Dr. Wong's Apple Fruit Juice,Accupoint,Compounding,Accupoint,Steam Kettle 01 Surface,,1,1,EM-5C-GROUPED,Historical archive evidence; not approved sampling plan,UNCONFIRMED,
Dr. Wong's Apple Fruit Juice,Accupoint,Compounding,Accupoint,Steam Kettle 01 Surface,----------,4,4,EM-5C-GROUPED,Historical archive evidence; not approved sampling plan,UNCONFIRMED,
Dr. Wong's Apple Fruit Juice,Accupoint,Compounding,Accupoint,Thermometer,,3,3,EM-5C-GROUPED,Historical archive evidence; not approved sampling plan,UNCONFIRMED,
Dr. Wong's Apple Fruit Juice,Accupoint,Filling,Accupoint,Filling Tank Surface,----------,3,3,EM-5C-GROUPED,Historical archive evidence; not approved sampling plan,UNCONFIRMED,
Dr. Wong's Apple Fruit Juice,Accupoint,Filling,Accupoint,Filling Tank Surface 2,----------,2,2,EM-5C-GROUPED,Historical archive evidence; not approved sampling plan,UNCONFIRMED,
Dr. Wong's Apple Fruit Juice,Accupoint,Filling,Accupoint,Motor Pump Hose,,5,5,EM-5C-GROUPED,Historical archive evidence; not approved sampling plan,UNCONFIRMED,
Dr. Wong's Apple Fruit Juice,Accupoint,Filling,Accupoint,Motor Pump to Filter Port,,4,4,EM-5C-GROUPED,Historical archive evidence; not approved sampling plan,UNCONFIRMED,
Dr. Wong's Apple Fruit Juice,Accupoint,Filling,Accupoint,Nozzle,,5,5,EM-5C-GROUPED,Historical archive evidence; not approved sampling plan,UNCONFIRMED,
Dr. Wong's Apple Fruit Juice,SPC/MY,Compounding,SPC/MY,Apple Crusher Port,,4,2,EM-5C-GROUPED,Historical archive evidence; not approved sampling plan,UNCONFIRMED,
Dr. Wong's Apple Fruit Juice,SPC/MY,Compounding,SPC/MY,Apple Crusher Surface,,4,2,EM-5C-GROUPED,Historical archive evidence; not approved sampling plan,UNCONFIRMED,
Dr. Wong's Apple Fruit Juice,SPC/MY,Compounding,SPC/MY,Apple Holder,,4,2,EM-5C-GROUPED,Historical archive evidence; not approved sampling plan,UNCONFIRMED,
Dr. Wong's Apple Fruit Juice,SPC/MY,Compounding,SPC/MY,Apple Peeler,,4,2,EM-5C-GROUPED,Historical archive evidence; not approved sampling plan,UNCONFIRMED,
Dr. Wong's Apple Fruit Juice,SPC/MY,Compounding,SPC/MY,Apple Slicer,,4,2,EM-5C-GROUPED,Historical archive evidence; not approved sampling plan,UNCONFIRMED,
Dr. Wong's Apple Fruit Juice,SPC/MY,Compounding,SPC/MY,Dip Stick,,2,1,EM-5C-GROUPED,Historical archive evidence; not approved sampling plan,UNCONFIRMED,
Dr. Wong's Apple Fruit Juice,SPC/MY,Compounding,SPC/MY,Dip Stick 1,,4,2,EM-5C-GROUPED,Historical archive evidence; not approved sampling plan,UNCONFIRMED,
Dr. Wong's Apple Fruit Juice,SPC/MY,Compounding,SPC/MY,Dip Stick 2,,4,2,EM-5C-GROUPED,Historical archive evidence; not approved sampling plan,UNCONFIRMED,
Dr. Wong's Apple Fruit Juice,SPC/MY,Compounding,SPC/MY,Dip Stick 3,,2,1,EM-5C-GROUPED,Historical archive evidence; not approved sampling plan,UNCONFIRMED,
Dr. Wong's Apple Fruit Juice,SPC/MY,Compounding,SPC/MY,Dipstick 1,,2,1,EM-5C-GROUPED,Historical archive evidence; not approved sampling plan,UNCONFIRMED,
Dr. Wong's Apple Fruit Juice,SPC/MY,Compounding,SPC/MY,Dipstick 2,,2,1,EM-5C-GROUPED,Historical archive evidence; not approved sampling plan,UNCONFIRMED,
Dr. Wong's Apple Fruit Juice,SPC/MY,Compounding,SPC/MY,Dipstick 3,,2,1,EM-5C-GROUPED,Historical archive evidence; not approved sampling plan,UNCONFIRMED,
Dr. Wong's Apple Fruit Juice,SPC/MY,Compounding,SPC/MY,Extraction Machine Port,,4,2,EM-5C-GROUPED,Historical archive evidence; not approved sampling plan,UNCONFIRMED,
Dr. Wong's Apple Fruit Juice,SPC/MY,Compounding,SPC/MY,Extraction Machine Surface,,4,2,EM-5C-GROUPED,Historical archive evidence; not approved sampling plan,UNCONFIRMED,
Dr. Wong's Apple Fruit Juice,SPC/MY,Compounding,SPC/MY,Holding Drum 1 Port,,8,4,EM-5C-GROUPED,Historical archive evidence; not approved sampling plan,UNCONFIRMED,
Dr. Wong's Apple Fruit Juice,SPC/MY,Compounding,SPC/MY,Holding Drum 1 Surface,,8,4,EM-5C-GROUPED,Historical archive evidence; not approved sampling plan,UNCONFIRMED,
Dr. Wong's Apple Fruit Juice,SPC/MY,Compounding,SPC/MY,Holding Drum 2 Port,,8,4,EM-5C-GROUPED,Historical archive evidence; not approved sampling plan,UNCONFIRMED,
Dr. Wong's Apple Fruit Juice,SPC/MY,Compounding,SPC/MY,Holding Drum 2 Surface,,8,4,EM-5C-GROUPED,Historical archive evidence; not approved sampling plan,UNCONFIRMED,
Dr. Wong's Apple Fruit Juice,SPC/MY,Compounding,SPC/MY,Holding Tank 1 Port,,2,1,EM-5C-GROUPED,Historical archive evidence; not approved sampling plan,UNCONFIRMED,
Dr. Wong's Apple Fruit Juice,SPC/MY,Compounding,SPC/MY,Holding Tank 1 Surface,,2,1,EM-5C-GROUPED,Historical archive evidence; not approved sampling plan,UNCONFIRMED,
Dr. Wong's Apple Fruit Juice,SPC/MY,Compounding,SPC/MY,Holding Tank 2 Port,,2,1,EM-5C-GROUPED,Historical archive evidence; not approved sampling plan,UNCONFIRMED,
Dr. Wong's Apple Fruit Juice,SPC/MY,Compounding,SPC/MY,Holding Tank 2 Surface,,2,1,EM-5C-GROUPED,Historical archive evidence; not approved sampling plan,UNCONFIRMED,
Dr. Wong's Apple Fruit Juice,SPC/MY,Compounding,SPC/MY,Motor Pump Inlet Hose,,10,5,EM-5C-GROUPED,Historical archive evidence; not approved sampling plan,UNCONFIRMED,
Dr. Wong's Apple Fruit Juice,SPC/MY,Compounding,SPC/MY,Motor Pump Outlet Hose,,10,5,EM-5C-GROUPED,Historical archive evidence; not approved sampling plan,UNCONFIRMED,
Dr. Wong's Apple Fruit Juice,SPC/MY,Compounding,SPC/MY,Motor Pump Port,,10,5,EM-5C-GROUPED,Historical archive evidence; not approved sampling plan,UNCONFIRMED,
Dr. Wong's Apple Fruit Juice,SPC/MY,Compounding,SPC/MY,Spatula,,4,2,EM-5C-GROUPED,Historical archive evidence; not approved sampling plan,UNCONFIRMED,
Dr. Wong's Apple Fruit Juice,SPC/MY,Compounding,SPC/MY,Stainless Basin 1,,4,2,EM-5C-GROUPED,Historical archive evidence; not approved sampling plan,UNCONFIRMED,
Dr. Wong's Apple Fruit Juice,SPC/MY,Compounding,SPC/MY,Stainless Basin 2,,4,2,EM-5C-GROUPED,Historical archive evidence; not approved sampling plan,UNCONFIRMED,
Dr. Wong's Apple Fruit Juice,SPC/MY,Compounding,SPC/MY,Stainless Beaker,,4,2,EM-5C-GROUPED,Historical archive evidence; not approved sampling plan,UNCONFIRMED,
Dr. Wong's Apple Fruit Juice,SPC/MY,Compounding,SPC/MY,Stainless Drum 1,----------,4,2,EM-5C-GROUPED,Historical archive evidence; not approved sampling plan,UNCONFIRMED,
Dr. Wong's Apple Fruit Juice,SPC/MY,Compounding,SPC/MY,Stainless Drum 2,,4,2,EM-5C-GROUPED,Historical archive evidence; not approved sampling plan,UNCONFIRMED,
Dr. Wong's Apple Fruit Juice,SPC/MY,Compounding,SPC/MY,Stainless Drum 3,,4,2,EM-5C-GROUPED,Historical archive evidence; not approved sampling plan,UNCONFIRMED,
Dr. Wong's Apple Fruit Juice,SPC/MY,Compounding,SPC/MY,Stainless Pail,,4,2,EM-5C-GROUPED,Historical archive evidence; not approved sampling plan,UNCONFIRMED,
Dr. Wong's Apple Fruit Juice,SPC/MY,Compounding,SPC/MY,Steam Kettle 01 Port,,10,5,EM-5C-GROUPED,Historical archive evidence; not approved sampling plan,UNCONFIRMED,
Dr. Wong's Apple Fruit Juice,SPC/MY,Compounding,SPC/MY,Steam Kettle 01 Surface,,4,2,EM-5C-GROUPED,Historical archive evidence; not approved sampling plan,UNCONFIRMED,
Dr. Wong's Apple Fruit Juice,SPC/MY,Compounding,SPC/MY,Steam Kettle 01 Surface,--------- -,1,1,EM-5C-GROUPED,Historical archive evidence; not approved sampling plan,UNCONFIRMED,
Dr. Wong's Apple Fruit Juice,SPC/MY,Compounding,SPC/MY,Steam Kettle 01 Surface,----------,5,3,EM-5C-GROUPED,Historical archive evidence; not approved sampling plan,UNCONFIRMED,
Dr. Wong's Apple Fruit Juice,SPC/MY,Compounding,SPC/MY,Thermometer,,6,3,EM-5C-GROUPED,Historical archive evidence; not approved sampling plan,UNCONFIRMED,
Dr. Wong's Apple Fruit Juice,SPC/MY,Filling,SPC/MY,Filling Tank,----------,8,4,EM-5C-GROUPED,Historical archive evidence; not approved sampling plan,UNCONFIRMED,
Dr. Wong's Apple Fruit Juice,SPC/MY,Filling,SPC/MY,Motor Pump Hose,,8,4,EM-5C-GROUPED,Historical archive evidence; not approved sampling plan,UNCONFIRMED,
Dr. Wong's Apple Fruit Juice,SPC/MY,Filling,SPC/MY,Motor Pump to Filter Port,,8,4,EM-5C-GROUPED,Historical archive evidence; not approved sampling plan,UNCONFIRMED,
Dr. Wong's Apple Fruit Juice,SPC/MY,Filling,SPC/MY,Nozzle,,8,4,EM-5C-GROUPED,Historical archive evidence; not approved sampling plan,UNCONFIRMED,
Dr. Wong's Lightening Face Cream,Accupoint,Compounding,Accupoint,Inlet Hose,,6,6,EM-5C-GROUPED,Historical archive evidence; not approved sampling plan,UNCONFIRMED,
Dr. Wong's Lightening Face Cream,Accupoint,Compounding,Accupoint,Mixing Tank,Not more than 100 RLU,5,5,EM-5C-GROUPED,Historical archive evidence; not approved sampling plan,UNCONFIRMED,
Dr. Wong's Lightening Face Cream,Accupoint,Compounding,Accupoint,Outlet Hose,,6,6,EM-5C-GROUPED,Historical archive evidence; not approved sampling plan,UNCONFIRMED,
Dr. Wong's Lightening Face Cream,Accupoint,Compounding,Accupoint,Spatula 1,,5,5,EM-5C-GROUPED,Historical archive evidence; not approved sampling plan,UNCONFIRMED,
Dr. Wong's Lightening Face Cream,Accupoint,Compounding,Accupoint,Spatula 2,,5,5,EM-5C-GROUPED,Historical archive evidence; not approved sampling plan,UNCONFIRMED,
Dr. Wong's Lightening Face Cream,Accupoint,Compounding,Accupoint,Stainless Drum 1,Not more than 100 RLU,4,4,EM-5C-GROUPED,Historical archive evidence; not approved sampling plan,UNCONFIRMED,
Dr. Wong's Lightening Face Cream,Accupoint,Compounding,Accupoint,Stainless Drum 2,,4,4,EM-5C-GROUPED,Historical archive evidence; not approved sampling plan,UNCONFIRMED,
Dr. Wong's Lightening Face Cream,Accupoint,Compounding,Accupoint,Stainless Drum 3,Not more than 100 RLU,2,2,EM-5C-GROUPED,Historical archive evidence; not approved sampling plan,UNCONFIRMED,
Dr. Wong's Lightening Face Cream,Accupoint,Compounding,Accupoint,Stainless Drum 4,,2,2,EM-5C-GROUPED,Historical archive evidence; not approved sampling plan,UNCONFIRMED,
Dr. Wong's Lightening Face Cream,Accupoint,Compounding,Accupoint,Stainless Pail 1,,5,5,EM-5C-GROUPED,Historical archive evidence; not approved sampling plan,UNCONFIRMED,
Dr. Wong's Lightening Face Cream,Accupoint,Compounding,Accupoint,Stainless Pail 2,,5,5,EM-5C-GROUPED,Historical archive evidence; not approved sampling plan,UNCONFIRMED,
Dr. Wong's Lightening Face Cream,Accupoint,Filling,Accupoint,Filling Tank,Not more than 100 RLU,3,3,EM-5C-GROUPED,Historical archive evidence; not approved sampling plan,UNCONFIRMED,
Dr. Wong's Lightening Face Cream,Accupoint,Filling,Accupoint,Nozzle,,3,3,EM-5C-GROUPED,Historical archive evidence; not approved sampling plan,UNCONFIRMED,
Dr. Wong's Lightening Face Cream,Accupoint,Filling,Accupoint,Spatula,,3,3,EM-5C-GROUPED,Historical archive evidence; not approved sampling plan,UNCONFIRMED,
Dr. Wong's Lightening Face Cream,Accupoint,Filling,Accupoint,Stainless Beaker,,3,3,EM-5C-GROUPED,Historical archive evidence; not approved sampling plan,UNCONFIRMED,
Dr. Wong's Lightening Face Cream,Accupoint,Filling,Accupoint,Stainless Pail,,3,3,EM-5C-GROUPED,Historical archive evidence; not approved sampling plan,UNCONFIRMED,
Dr. Wong's Lightening Face Cream,SPC/MY,Compounding,SPC/MY,Inlet Hose,,8,4,EM-5C-GROUPED,Historical archive evidence; not approved sampling plan,UNCONFIRMED,
Dr. Wong's Lightening Face Cream,SPC/MY,Compounding,SPC/MY,Mixing Tank,Not more than 100 cfu/mL,4,4,EM-5C-GROUPED,Historical archive evidence; not approved sampling plan,UNCONFIRMED,
Dr. Wong's Lightening Face Cream,SPC/MY,Compounding,SPC/MY,Mixing Tank,Not more than 30 cfu/mL,4,4,EM-5C-GROUPED,Historical archive evidence; not approved sampling plan,UNCONFIRMED,
Dr. Wong's Lightening Face Cream,SPC/MY,Compounding,SPC/MY,Outlet Hose,,8,4,EM-5C-GROUPED,Historical archive evidence; not approved sampling plan,UNCONFIRMED,
Dr. Wong's Lightening Face Cream,SPC/MY,Compounding,SPC/MY,Spatula 1,,8,4,EM-5C-GROUPED,Historical archive evidence; not approved sampling plan,UNCONFIRMED,
Dr. Wong's Lightening Face Cream,SPC/MY,Compounding,SPC/MY,Spatula 2,,8,4,EM-5C-GROUPED,Historical archive evidence; not approved sampling plan,UNCONFIRMED,
Dr. Wong's Lightening Face Cream,SPC/MY,Compounding,SPC/MY,Stainless Drum 1,Not more than 100 cfu/mL,3,3,EM-5C-GROUPED,Historical archive evidence; not approved sampling plan,UNCONFIRMED,
Dr. Wong's Lightening Face Cream,SPC/MY,Compounding,SPC/MY,Stainless Drum 1,Not more than 30 cfu/mL,3,3,EM-5C-GROUPED,Historical archive evidence; not approved sampling plan,UNCONFIRMED,
Dr. Wong's Lightening Face Cream,SPC/MY,Compounding,SPC/MY,Stainless Drum 2,,6,3,EM-5C-GROUPED,Historical archive evidence; not approved sampling plan,UNCONFIRMED,
Dr. Wong's Lightening Face Cream,SPC/MY,Compounding,SPC/MY,Stainless Drum 3,Not more than 100 cfu/mL,1,1,EM-5C-GROUPED,Historical archive evidence; not approved sampling plan,UNCONFIRMED,
Dr. Wong's Lightening Face Cream,SPC/MY,Compounding,SPC/MY,Stainless Drum 3,Not more than 30 cfu/mL,1,1,EM-5C-GROUPED,Historical archive evidence; not approved sampling plan,UNCONFIRMED,
Dr. Wong's Lightening Face Cream,SPC/MY,Compounding,SPC/MY,Stainless Drum 4,,2,1,EM-5C-GROUPED,Historical archive evidence; not approved sampling plan,UNCONFIRMED,
Dr. Wong's Lightening Face Cream,SPC/MY,Compounding,SPC/MY,Stainless Pail 1,,8,4,EM-5C-GROUPED,Historical archive evidence; not approved sampling plan,UNCONFIRMED,
Dr. Wong's Lightening Face Cream,SPC/MY,Compounding,SPC/MY,Stainless Pail 2,,8,4,EM-5C-GROUPED,Historical archive evidence; not approved sampling plan,UNCONFIRMED,
Dr. Wong's Lightening Face Cream,SPC/MY,Filling,SPC/MY,Area 1 - Near Door,Not more than 100 cfu/mL,3,3,EM-5C-GROUPED,Historical archive evidence; not approved sampling plan,UNCONFIRMED,
Dr. Wong's Lightening Face Cream,SPC/MY,Filling,SPC/MY,Area 1 - Near Door,Not more than 30 cfu/mL,3,3,EM-5C-GROUPED,Historical archive evidence; not approved sampling plan,UNCONFIRMED,
Dr. Wong's Lightening Face Cream,SPC/MY,Filling,SPC/MY,Area 2 - Center,,6,3,EM-5C-GROUPED,Historical archive evidence; not approved sampling plan,UNCONFIRMED,
Dr. Wong's Lightening Face Cream,SPC/MY,Filling,SPC/MY,Area 3 - End,,6,3,EM-5C-GROUPED,Historical archive evidence; not approved sampling plan,UNCONFIRMED,
Dr. Wong's Lightening Face Cream,SPC/MY,Filling,SPC/MY,Filling Tank,Not more than 100 cfu/mL,3,3,EM-5C-GROUPED,Historical archive evidence; not approved sampling plan,UNCONFIRMED,
Dr. Wong's Lightening Face Cream,SPC/MY,Filling,SPC/MY,Filling Tank,Not more than 30 cfu/mL,3,3,EM-5C-GROUPED,Historical archive evidence; not approved sampling plan,UNCONFIRMED,
Dr. Wong's Lightening Face Cream,SPC/MY,Filling,SPC/MY,Nozzle,,6,3,EM-5C-GROUPED,Historical archive evidence; not approved sampling plan,UNCONFIRMED,
Dr. Wong's Lightening Face Cream,SPC/MY,Filling,SPC/MY,Spatula,,6,3,EM-5C-GROUPED,Historical archive evidence; not approved sampling plan,UNCONFIRMED,
Dr. Wong's Lightening Face Cream,SPC/MY,Filling,SPC/MY,Stainless Beaker,,6,3,EM-5C-GROUPED,Historical archive evidence; not approved sampling plan,UNCONFIRMED,
Dr. Wong's Lightening Face Cream,SPC/MY,Filling,SPC/MY,Stainless Pail,,6,3,EM-5C-GROUPED,Historical archive evidence; not approved sampling plan,UNCONFIRMED,
Dr. Wong's Lightening Lotion,Accupoint,Compounding,Accupoint,Inlet Hose,,1,1,EM-5C-GROUPED,Historical archive evidence; not approved sampling plan,UNCONFIRMED,
Dr. Wong's Lightening Lotion,Accupoint,Compounding,Accupoint,Mixing Tank,Not more than 100 RLU,1,1,EM-5C-GROUPED,Historical archive evidence; not approved sampling plan,UNCONFIRMED,
Dr. Wong's Lightening Lotion,Accupoint,Compounding,Accupoint,Outlet Hose,,1,1,EM-5C-GROUPED,Historical archive evidence; not approved sampling plan,UNCONFIRMED,
Dr. Wong's Lightening Lotion,Accupoint,Compounding,Accupoint,Spatula 1,,1,1,EM-5C-GROUPED,Historical archive evidence; not approved sampling plan,UNCONFIRMED,
Dr. Wong's Lightening Lotion,Accupoint,Compounding,Accupoint,Spatula 2,,1,1,EM-5C-GROUPED,Historical archive evidence; not approved sampling plan,UNCONFIRMED,
Dr. Wong's Lightening Lotion,Accupoint,Compounding,Accupoint,Stainless Drum 3,Not more than 100 RLU,1,1,EM-5C-GROUPED,Historical archive evidence; not approved sampling plan,UNCONFIRMED,
Dr. Wong's Lightening Lotion,Accupoint,Compounding,Accupoint,Stainless Drum 4,,1,1,EM-5C-GROUPED,Historical archive evidence; not approved sampling plan,UNCONFIRMED,
Dr. Wong's Lightening Lotion,Accupoint,Compounding,Accupoint,Stainless Pail 1,,1,1,EM-5C-GROUPED,Historical archive evidence; not approved sampling plan,UNCONFIRMED,
Dr. Wong's Lightening Lotion,Accupoint,Compounding,Accupoint,Stainless Pail 2,,1,1,EM-5C-GROUPED,Historical archive evidence; not approved sampling plan,UNCONFIRMED,
Dr. Wong's Lightening Lotion,Accupoint,Filling,Accupoint,Filling Tank,Not more than 100 RLU,3,3,EM-5C-GROUPED,Historical archive evidence; not approved sampling plan,UNCONFIRMED,
Dr. Wong's Lightening Lotion,Accupoint,Filling,Accupoint,Nozzle,,3,3,EM-5C-GROUPED,Historical archive evidence; not approved sampling plan,UNCONFIRMED,
Dr. Wong's Lightening Lotion,Accupoint,Filling,Accupoint,Spatula,,3,3,EM-5C-GROUPED,Historical archive evidence; not approved sampling plan,UNCONFIRMED,
Dr. Wong's Lightening Lotion,Accupoint,Filling,Accupoint,Stainless Beaker,,3,3,EM-5C-GROUPED,Historical archive evidence; not approved sampling plan,UNCONFIRMED,
Dr. Wong's Lightening Lotion,Accupoint,Filling,Accupoint,Stainless Pail,,3,3,EM-5C-GROUPED,Historical archive evidence; not approved sampling plan,UNCONFIRMED,
Dr. Wong's Lightening Lotion,SPC/MY,Compounding,SPC/MY,Inlet Hose,,2,1,EM-5C-GROUPED,Historical archive evidence; not approved sampling plan,UNCONFIRMED,
Dr. Wong's Lightening Lotion,SPC/MY,Compounding,SPC/MY,Outlet Hose,,2,1,EM-5C-GROUPED,Historical archive evidence; not approved sampling plan,UNCONFIRMED,
Dr. Wong's Lightening Lotion,SPC/MY,Compounding,SPC/MY,Stainless Drum 3,Not more than 100 cfu/mL,1,1,EM-5C-GROUPED,Historical archive evidence; not approved sampling plan,UNCONFIRMED,
Dr. Wong's Lightening Lotion,SPC/MY,Compounding,SPC/MY,Stainless Drum 3,Not more than 30 cfu/mL,1,1,EM-5C-GROUPED,Historical archive evidence; not approved sampling plan,UNCONFIRMED,
Dr. Wong's Lightening Lotion,SPC/MY,Compounding,SPC/MY,Stainless Drum 4,,2,1,EM-5C-GROUPED,Historical archive evidence; not approved sampling plan,UNCONFIRMED,
Dr. Wong's Lightening Lotion,SPC/MY,Filling,SPC/MY,Area 1 - Near Door,Not more than 100 cfu,3,3,EM-5C-GROUPED,Historical archive evidence; not approved sampling plan,UNCONFIRMED,
Dr. Wong's Lightening Lotion,SPC/MY,Filling,SPC/MY,Area 1 - Near Door,Not more than 30 cfu,3,3,EM-5C-GROUPED,Historical archive evidence; not approved sampling plan,UNCONFIRMED,
Dr. Wong's Lightening Lotion,SPC/MY,Filling,SPC/MY,Area 2 - Center,,6,3,EM-5C-GROUPED,Historical archive evidence; not approved sampling plan,UNCONFIRMED,
Dr. Wong's Lightening Lotion,SPC/MY,Filling,SPC/MY,Area 3 - End,,6,3,EM-5C-GROUPED,Historical archive evidence; not approved sampling plan,UNCONFIRMED,
Dr. Wong's Lightening Lotion,SPC/MY,Filling,SPC/MY,Filling Tank,Not more than 100 cfu/mL,3,3,EM-5C-GROUPED,Historical archive evidence; not approved sampling plan,UNCONFIRMED,
Dr. Wong's Lightening Lotion,SPC/MY,Filling,SPC/MY,Filling Tank,Not more than 30 cfu/mL,3,3,EM-5C-GROUPED,Historical archive evidence; not approved sampling plan,UNCONFIRMED,
Dr. Wong's Lightening Lotion,SPC/MY,Filling,SPC/MY,Nozzle,,6,3,EM-5C-GROUPED,Historical archive evidence; not approved sampling plan,UNCONFIRMED,
Dr. Wong's Lightening Lotion,SPC/MY,Filling,SPC/MY,Spatula,,6,3,EM-5C-GROUPED,Historical archive evidence; not approved sampling plan,UNCONFIRMED,
Dr. Wong's Lightening Lotion,SPC/MY,Filling,SPC/MY,Stainless Beaker,,6,3,EM-5C-GROUPED,Historical archive evidence; not approved sampling plan,UNCONFIRMED,
Dr. Wong's Lightening Lotion,SPC/MY,Filling,SPC/MY,Stainless Pail,,6,3,EM-5C-GROUPED,Historical archive evidence; not approved sampling plan,UNCONFIRMED,
Efficascent Boost Pain Relief Massage Roll On,Accupoint,Compounding,Accupoint,Mixing Tank,Not mor e than 100 RLU,1,1,EM-5C-GROUPED,Historical archive evidence; not approved sampling plan,UNCONFIRMED,
Efficascent Boost Pain Relief Massage Roll On,Accupoint,Compounding,Accupoint,Mixing Tank,Not more than 100 RLU,49,49,EM-5C-GROUPED,Historical archive evidence; not approved sampling plan,UNCONFIRMED,
Efficascent Boost Pain Relief Massage Roll On,Accupoint,Compounding,Accupoint,Mixing Tank,Not more than 100 cfu/mL,1,1,EM-5C-GROUPED,Historical archive evidence; not approved sampling plan,UNCONFIRMED,
Efficascent Boost Pain Relief Massage Roll On,Accupoint,Compounding,Accupoint,Mixing Tank,Not more than 30 cfu/mL,1,1,EM-5C-GROUPED,Historical archive evidence; not approved sampling plan,UNCONFIRMED,
Efficascent Boost Pain Relief Massage Roll On,Accupoint,Compounding,Accupoint,Spatula 1,,52,50,EM-5C-GROUPED,Historical archive evidence; not approved sampling plan,UNCONFIRMED,
Efficascent Boost Pain Relief Massage Roll On,Accupoint,Compounding,Accupoint,Spatula 2,,52,50,EM-5C-GROUPED,Historical archive evidence; not approved sampling plan,UNCONFIRMED,
Efficascent Boost Pain Relief Massage Roll On,Accupoint,Compounding,Accupoint,Stainless Drum 1,,29,29,EM-5C-GROUPED,Historical archive evidence; not approved sampling plan,UNCONFIRMED,
Efficascent Boost Pain Relief Massage Roll On,Accupoint,Compounding,Accupoint,Stainless Drum 2,,29,29,EM-5C-GROUPED,Historical archive evidence; not approved sampling plan,UNCONFIRMED,
Efficascent Boost Pain Relief Massage Roll On,Accupoint,Compounding,Accupoint,Stainless Drum 3,,23,22,EM-5C-GROUPED,Historical archive evidence; not approved sampling plan,UNCONFIRMED,
Efficascent Boost Pain Relief Massage Roll On,Accupoint,Compounding,Accupoint,Stainless Drum 4,,23,22,EM-5C-GROUPED,Historical archive evidence; not approved sampling plan,UNCONFIRMED,
Efficascent Boost Pain Relief Massage Roll On,Accupoint,Compounding,Accupoint,Stainless Pail 1,,52,50,EM-5C-GROUPED,Historical archive evidence; not approved sampling plan,UNCONFIRMED,
Efficascent Boost Pain Relief Massage Roll On,Accupoint,Compounding,Accupoint,Stainless Pail 2,,52,50,EM-5C-GROUPED,Historical archive evidence; not approved sampling plan,UNCONFIRMED,
Efficascent Boost Pain Relief Massage Roll On,Accupoint,Compounding,Accupoint,Stainless Pail 3,,52,50,EM-5C-GROUPED,Historical archive evidence; not approved sampling plan,UNCONFIRMED,
Efficascent Boost Pain Relief Massage Roll On,Accupoint,Filling,Accupoint,Filling Tank,Not more than 100 RLU,13,13,EM-5C-GROUPED,Historical archive evidence; not approved sampling plan,UNCONFIRMED,
Efficascent Boost Pain Relief Massage Roll On,Accupoint,Filling,Accupoint,Nozzle,,13,13,EM-5C-GROUPED,Historical archive evidence; not approved sampling plan,UNCONFIRMED,
Efficascent Boost Pain Relief Massage Roll On,Accupoint,Filling,Accupoint,Spatula,,14,13,EM-5C-GROUPED,Historical archive evidence; not approved sampling plan,UNCONFIRMED,
Efficascent Boost Pain Relief Massage Roll On,Accupoint,Filling,Accupoint,Stainless Beaker,,13,13,EM-5C-GROUPED,Historical archive evidence; not approved sampling plan,UNCONFIRMED,
Efficascent Boost Pain Relief Massage Roll On,Accupoint,Filling,Accupoint,Stainless Pail,,13,13,EM-5C-GROUPED,Historical archive evidence; not approved sampling plan,UNCONFIRMED,
Efficascent Boost Pain Relief Massage Roll On,SPC/MY,Compounding,SPC/MY,Mixing Tank,Not more than 100 cfu/mL,51,51,EM-5C-GROUPED,Historical archive evidence; not approved sampling plan,UNCONFIRMED,
Efficascent Boost Pain Relief Massage Roll On,SPC/MY,Compounding,SPC/MY,Mixing Tank,Not more than 30 cfu/mL,51,51,EM-5C-GROUPED,Historical archive evidence; not approved sampling plan,UNCONFIRMED,
Efficascent Boost Pain Relief Massage Roll On,SPC/MY,Compounding,SPC/MY,Spatula 1,,102,51,EM-5C-GROUPED,Historical archive evidence; not approved sampling plan,UNCONFIRMED,
Efficascent Boost Pain Relief Massage Roll On,SPC/MY,Compounding,SPC/MY,Spatula 2,,102,51,EM-5C-GROUPED,Historical archive evidence; not approved sampling plan,UNCONFIRMED,
Efficascent Boost Pain Relief Massage Roll On,SPC/MY,Compounding,SPC/MY,Stainless Drum 1,,48,25,EM-5C-GROUPED,Historical archive evidence; not approved sampling plan,UNCONFIRMED,
Efficascent Boost Pain Relief Massage Roll On,SPC/MY,Compounding,SPC/MY,Stainless Drum 2,,48,25,EM-5C-GROUPED,Historical archive evidence; not approved sampling plan,UNCONFIRMED,
Efficascent Boost Pain Relief Massage Roll On,SPC/MY,Compounding,SPC/MY,Stainless Drum 3,,54,28,EM-5C-GROUPED,Historical archive evidence; not approved sampling plan,UNCONFIRMED,
Efficascent Boost Pain Relief Massage Roll On,SPC/MY,Compounding,SPC/MY,Stainless Drum 4,,54,28,EM-5C-GROUPED,Historical archive evidence; not approved sampling plan,UNCONFIRMED,
Efficascent Boost Pain Relief Massage Roll On,SPC/MY,Compounding,SPC/MY,Stainless Pail 1,,102,51,EM-5C-GROUPED,Historical archive evidence; not approved sampling plan,UNCONFIRMED,
Efficascent Boost Pain Relief Massage Roll On,SPC/MY,Compounding,SPC/MY,Stainless Pail 2,,102,51,EM-5C-GROUPED,Historical archive evidence; not approved sampling plan,UNCONFIRMED,
Efficascent Boost Pain Relief Massage Roll On,SPC/MY,Compounding,SPC/MY,Stainless Pail 3,,102,51,EM-5C-GROUPED,Historical archive evidence; not approved sampling plan,UNCONFIRMED,
Efficascent Boost Pain Relief Massage Roll On,SPC/MY,Filling,SPC/MY,Area 1 - Near Door,Not more than 100 cfu,13,13,EM-5C-GROUPED,Historical archive evidence; not approved sampling plan,UNCONFIRMED,
Efficascent Boost Pain Relief Massage Roll On,SPC/MY,Filling,SPC/MY,Area 1 - Near Door,Not more than 30 cfu,13,13,EM-5C-GROUPED,Historical archive evidence; not approved sampling plan,UNCONFIRMED,
Efficascent Boost Pain Relief Massage Roll On,SPC/MY,Filling,SPC/MY,Area 2 - Center,,26,13,EM-5C-GROUPED,Historical archive evidence; not approved sampling plan,UNCONFIRMED,
Efficascent Boost Pain Relief Massage Roll On,SPC/MY,Filling,SPC/MY,Area 3 - End,,26,13,EM-5C-GROUPED,Historical archive evidence; not approved sampling plan,UNCONFIRMED,
Efficascent Boost Pain Relief Massage Roll On,SPC/MY,Filling,SPC/MY,Filling Tank,Not more than 100 cfu/mL,13,13,EM-5C-GROUPED,Historical archive evidence; not approved sampling plan,UNCONFIRMED,
Efficascent Boost Pain Relief Massage Roll On,SPC/MY,Filling,SPC/MY,Filling Tank,Not more than 30 cfu/mL,13,13,EM-5C-GROUPED,Historical archive evidence; not approved sampling plan,UNCONFIRMED,
Efficascent Boost Pain Relief Massage Roll On,SPC/MY,Filling,SPC/MY,Nozzle,,26,13,EM-5C-GROUPED,Historical archive evidence; not approved sampling plan,UNCONFIRMED,
Efficascent Boost Pain Relief Massage Roll On,SPC/MY,Filling,SPC/MY,Spatula,,26,13,EM-5C-GROUPED,Historical archive evidence; not approved sampling plan,UNCONFIRMED,
Efficascent Boost Pain Relief Massage Roll On,SPC/MY,Filling,SPC/MY,Stainless Beaker,,26,13,EM-5C-GROUPED,Historical archive evidence; not approved sampling plan,UNCONFIRMED,
Efficascent Boost Pain Relief Massage Roll On,SPC/MY,Filling,SPC/MY,Stainless Pail,,26,13,EM-5C-GROUPED,Historical archive evidence; not approved sampling plan,UNCONFIRMED,
Herbycin Cooling Mouth Spray,Accupoint,Compounding,Accupoint,Mixing Tank 1 Surface,,1,1,EM-5C-GROUPED,Historical archive evidence; not approved sampling plan,UNCONFIRMED,
Herbycin Cooling Mouth Spray,Accupoint,Compounding,Accupoint,Spatula 12,----------,1,1,EM-5C-GROUPED,Historical archive evidence; not approved sampling plan,UNCONFIRMED,
Herbycin Cooling Mouth Spray,Accupoint,Compounding,Accupoint,Stainless Beaker 18,,1,1,EM-5C-GROUPED,Historical archive evidence; not approved sampling plan,UNCONFIRMED,
Herbycin Cooling Mouth Spray,Accupoint,Compounding,Accupoint,Stainless Drum 14,,1,1,EM-5C-GROUPED,Historical archive evidence; not approved sampling plan,UNCONFIRMED,
Herbycin Cooling Mouth Spray,Accupoint,Compounding,Accupoint,Stainless Pail 1 5,,1,1,EM-5C-GROUPED,Historical archive evidence; not approved sampling plan,UNCONFIRMED,
Herbycin Cooling Mouth Spray,Accupoint,Compounding,Accupoint,Stainless Pail 16,,1,1,EM-5C-GROUPED,Historical archive evidence; not approved sampling plan,UNCONFIRMED,
Herbycin Cooling Mouth Spray,Accupoint,Compounding,Accupoint,Steam Kettle Port 1,,1,1,EM-5C-GROUPED,Historical archive evidence; not approved sampling plan,UNCONFIRMED,
Herbycin Cooling Mouth Spray,Accupoint,Compounding,Accupoint,Steam Kettle Port 2,,1,1,EM-5C-GROUPED,Historical archive evidence; not approved sampling plan,UNCONFIRMED,
Herbycin Cooling Mouth Spray,Accupoint,Compounding,Accupoint,Steam Kettle Surface 1,,1,1,EM-5C-GROUPED,Historical archive evidence; not approved sampling plan,UNCONFIRMED,
Herbycin Cooling Mouth Spray,Accupoint,Compounding,Accupoint,Steam Kettle Surface 2,,1,1,EM-5C-GROUPED,Historical archive evidence; not approved sampling plan,UNCONFIRMED,
Herbycin Cooling Mouth Spray,Accupoint,Compounding,Accupoint,Stirring Rod 20,,1,1,EM-5C-GROUPED,Historical archive evidence; not approved sampling plan,UNCONFIRMED,
Herbycin Cooling Mouth Spray,Accupoint,Filling,Accupoint,Compounding to Filling Pipe,,3,3,EM-5C-GROUPED,Historical archive evidence; not approved sampling plan,UNCONFIRMED,
Herbycin Cooling Mouth Spray,Accupoint,Filling,Accupoint,Filling Tank 1 Surface,,1,1,EM-5C-GROUPED,Historical archive evidence; not approved sampling plan,UNCONFIRMED,
Herbycin Cooling Mouth Spray,Accupoint,Filling,Accupoint,Filling Tank Surface,,3,3,EM-5C-GROUPED,Historical archive evidence; not approved sampling plan,UNCONFIRMED,
Herbycin Cooling Mouth Spray,Accupoint,Filling,Accupoint,Nozzle,------,4,4,EM-5C-GROUPED,Historical archive evidence; not approved sampling plan,UNCONFIRMED,
Herbycin Cooling Mouth Spray,SPC/MY,Compounding,SPC/MY,Mixing Tank 1 Surface,,4,2,EM-5C-GROUPED,Historical archive evidence; not approved sampling plan,UNCONFIRMED,
Herbycin Cooling Mouth Spray,SPC/MY,Compounding,SPC/MY,Spatula 12,----------,4,2,EM-5C-GROUPED,Historical archive evidence; not approved sampling plan,UNCONFIRMED,
Herbycin Cooling Mouth Spray,SPC/MY,Compounding,SPC/MY,Stainless Beaker 18,,4,2,EM-5C-GROUPED,Historical archive evidence; not approved sampling plan,UNCONFIRMED,
Herbycin Cooling Mouth Spray,SPC/MY,Compounding,SPC/MY,Stainless Drum 14,,4,2,EM-5C-GROUPED,Historical archive evidence; not approved sampling plan,UNCONFIRMED,
Herbycin Cooling Mouth Spray,SPC/MY,Compounding,SPC/MY,Stainless Pail 1 5,,4,2,EM-5C-GROUPED,Historical archive evidence; not approved sampling plan,UNCONFIRMED,
Herbycin Cooling Mouth Spray,SPC/MY,Compounding,SPC/MY,Stainless Pail 16,,4,2,EM-5C-GROUPED,Historical archive evidence; not approved sampling plan,UNCONFIRMED,
Herbycin Cooling Mouth Spray,SPC/MY,Compounding,SPC/MY,Steam Kettle 01 Port,,4,2,EM-5C-GROUPED,Historical archive evidence; not approved sampling plan,UNCONFIRMED,
Herbycin Cooling Mouth Spray,SPC/MY,Compounding,SPC/MY,Steam Kettle 01 Surface,,4,2,EM-5C-GROUPED,Historical archive evidence; not approved sampling plan,UNCONFIRMED,
Herbycin Cooling Mouth Spray,SPC/MY,Compounding,SPC/MY,Steam Kettle 02 Port,,4,2,EM-5C-GROUPED,Historical archive evidence; not approved sampling plan,UNCONFIRMED,
Herbycin Cooling Mouth Spray,SPC/MY,Compounding,SPC/MY,Steam Kettle 02 Surface,,4,2,EM-5C-GROUPED,Historical archive evidence; not approved sampling plan,UNCONFIRMED,
Herbycin Cooling Mouth Spray,SPC/MY,Compounding,SPC/MY,Stirring Rod 20,,4,2,EM-5C-GROUPED,Historical archive evidence; not approved sampling plan,UNCONFIRMED,
Herbycin Cooling Mouth Spray,SPC/MY,Filling,SPC/MY,Compounding to Filling Pipe,,6,3,EM-5C-GROUPED,Historical archive evidence; not approved sampling plan,UNCONFIRMED,
Herbycin Cooling Mouth Spray,SPC/MY,Filling,SPC/MY,Filling Tank 1 Surface,,4,2,EM-5C-GROUPED,Historical archive evidence; not approved sampling plan,UNCONFIRMED,
Herbycin Cooling Mouth Spray,SPC/MY,Filling,SPC/MY,Filling Tank Surface,,4,2,EM-5C-GROUPED,Historical archive evidence; not approved sampling plan,UNCONFIRMED,
Herbycin Cooling Mouth Spray,SPC/MY,Filling,SPC/MY,Nozzle,----------,8,4,EM-5C-GROUPED,Historical archive evidence; not approved sampling plan,UNCONFIRMED,
Herbycin Syrup,Accupoint,,Accupoint,Extraction Machine Port,,2,2,EM-5C-GROUPED,Historical archive evidence; not approved sampling plan,UNCONFIRMED,
Herbycin Syrup,Accupoint,,Accupoint,Extraction Machine Surface,,2,2,EM-5C-GROUPED,Historical archive evidence; not approved sampling plan,UNCONFIRMED,
Herbycin Syrup,Accupoint,,Accupoint,Mixing Tank 1 Surface,----------,2,2,EM-5C-GROUPED,Historical archive evidence; not approved sampling plan,UNCONFIRMED,
Herbycin Syrup,Accupoint,,Accupoint,Plastic Beaker 8,,3,3,EM-5C-GROUPED,Historical archive evidence; not approved sampling plan,UNCONFIRMED,
Herbycin Syrup,Accupoint,,Accupoint,Scoop 9,,3,3,EM-5C-GROUPED,Historical archive evidence; not approved sampling plan,UNCONFIRMED,
Herbycin Syrup,Accupoint,,Accupoint,Spoo n 10,,3,3,EM-5C-GROUPED,Historical archive evidence; not approved sampling plan,UNCONFIRMED,
Herbycin Syrup,Accupoint,,Accupoint,Spoo n 11,,3,3,EM-5C-GROUPED,Historical archive evidence; not approved sampling plan,UNCONFIRMED,
Herbycin Syrup,Accupoint,,Accupoint,Stainless Beaker 7,,3,3,EM-5C-GROUPED,Historical archive evidence; not approved sampling plan,UNCONFIRMED,
Herbycin Syrup,Accupoint,,Accupoint,Stainless Drum 1,----------,3,3,EM-5C-GROUPED,Historical archive evidence; not approved sampling plan,UNCONFIRMED,
Herbycin Syrup,Accupoint,,Accupoint,Stainless Drum 2,,3,3,EM-5C-GROUPED,Historical archive evidence; not approved sampling plan,UNCONFIRMED,
Herbycin Syrup,Accupoint,,Accupoint,Stainless Drum 3,,3,3,EM-5C-GROUPED,Historical archive evidence; not approved sampling plan,UNCONFIRMED,
Herbycin Syrup,Accupoint,,Accupoint,Stainless Pail 4,,3,3,EM-5C-GROUPED,Historical archive evidence; not approved sampling plan,UNCONFIRMED,
Herbycin Syrup,Accupoint,,Accupoint,Stainless Pail 5,,3,3,EM-5C-GROUPED,Historical archive evidence; not approved sampling plan,UNCONFIRMED,
Herbycin Syrup,Accupoint,,Accupoint,Stainless Pail 6,,3,3,EM-5C-GROUPED,Historical archive evidence; not approved sampling plan,UNCONFIRMED,
Herbycin Syrup,Accupoint,,Accupoint,Steam Kettle Port 1,,2,2,EM-5C-GROUPED,Historical archive evidence; not approved sampling plan,UNCONFIRMED,
Herbycin Syrup,Accupoint,,Accupoint,Steam Kettle Port 2,,2,2,EM-5C-GROUPED,Historical archive evidence; not approved sampling plan,UNCONFIRMED,
Herbycin Syrup,Accupoint,,Accupoint,Steam Kettle Surface 1,,2,2,EM-5C-GROUPED,Historical archive evidence; not approved sampling plan,UNCONFIRMED,
Herbycin Syrup,Accupoint,,Accupoint,Steam Kettle Surface 2,,2,2,EM-5C-GROUPED,Historical archive evidence; not approved sampling plan,UNCONFIRMED,
Herbycin Syrup,Accupoint,Compounding,Accupoint,Hook 19,,1,1,EM-5C-GROUPED,Historical archive evidence; not approved sampling plan,UNCONFIRMED,
Herbycin Syrup,Accupoint,Compounding,Accupoint,Ladle 17,,1,1,EM-5C-GROUPED,Historical archive evidence; not approved sampling plan,UNCONFIRMED,
Herbycin Syrup,Accupoint,Compounding,Accupoint,Spatula 12,----------,1,1,EM-5C-GROUPED,Historical archive evidence; not approved sampling plan,UNCONFIRMED,
Herbycin Syrup,Accupoint,Compounding,Accupoint,Stainless Beaker 18,,1,1,EM-5C-GROUPED,Historical archive evidence; not approved sampling plan,UNCONFIRMED,
Herbycin Syrup,Accupoint,Compounding,Accupoint,Stainless Drum 13,,1,1,EM-5C-GROUPED,Historical archive evidence; not approved sampling plan,UNCONFIRMED,
Herbycin Syrup,Accupoint,Compounding,Accupoint,Stainless Drum 14,,1,1,EM-5C-GROUPED,Historical archive evidence; not approved sampling plan,UNCONFIRMED,
Herbycin Syrup,Accupoint,Compounding,Accupoint,Stainless Pail 15,,1,1,EM-5C-GROUPED,Historical archive evidence; not approved sampling plan,UNCONFIRMED,
Herbycin Syrup,Accupoint,Compounding,Accupoint,Stainless Pail 16,,1,1,EM-5C-GROUPED,Historical archive evidence; not approved sampling plan,UNCONFIRMED,
Herbycin Syrup,Accupoint,Compounding,Accupoint,Stirring Rod 20,,1,1,EM-5C-GROUPED,Historical archive evidence; not approved sampling plan,UNCONFIRMED,
Herbycin Syrup,Accupoint,Filling,Accupoint,Filling Tank 1 Surface,------,1,1,EM-5C-GROUPED,Historical archive evidence; not approved sampling plan,UNCONFIRMED,
Herbycin Syrup,Accupoint,Filling,Accupoint,Filling Tank Surface,,2,2,EM-5C-GROUPED,Historical archive evidence; not approved sampling plan,UNCONFIRMED,
Herbycin Syrup,Accupoint,Filling,Accupoint,Filling Tank Surface,------,17,17,EM-5C-GROUPED,Historical archive evidence; not approved sampling plan,UNCONFIRMED,
Herbycin Syrup,Accupoint,Filling,Accupoint,Nozzle,,19,18,EM-5C-GROUPED,Historical archive evidence; not approved sampling plan,UNCONFIRMED,
Herbycin Syrup,Accupoint,Filling,Accupoint,Nozzle,------,1,1,EM-5C-GROUPED,Historical archive evidence; not approved sampling plan,UNCONFIRMED,
Herbycin Syrup,SPC/MY,Filling,SPC/MY,Filling Tank 1 Surface,------,16,8,EM-5C-GROUPED,Historical archive evidence; not approved sampling plan,UNCONFIRMED,
Herbycin Syrup,SPC/MY,Filling,SPC/MY,Filling Tank Surface,------,16,8,EM-5C-GROUPED,Historical archive evidence; not approved sampling plan,UNCONFIRMED,
Herbycin Syrup,SPC/MY,Filling,SPC/MY,Nozzle,,32,16,EM-5C-GROUPED,Historical archive evidence; not approved sampling plan,UNCONFIRMED,
Herbycin Syrup Filling LYI22 SPCMY (AV).docx,SPC/MY,Filling,SPC/MY,Filling Tank Surface,------,2,1,EM-5C-GROUPED,Historical archive evidence; not approved sampling plan,UNCONFIRMED,
Herbycin Syrup Filling LYI22 SPCMY (AV).docx,SPC/MY,Filling,SPC/MY,Nozzle,,2,1,EM-5C-GROUPED,Historical archive evidence; not approved sampling plan,UNCONFIRMED,
Mama's Love Baby Oil,Accupoint,Compounding,Accupoint,Mixing Tank 2,Not more than 100 RLU,5,5,EM-5C-GROUPED,Historical archive evidence; not approved sampling plan,UNCONFIRMED,
Mama's Love Baby Oil,Accupoint,Compounding,Accupoint,Mixing Tank 3,Not more than 100 RLU,8,8,EM-5C-GROUPED,Historical archive evidence; not approved sampling plan,UNCONFIRMED,
Mama's Love Baby Oil,Accupoint,Compounding,Accupoint,Spatula,,13,13,EM-5C-GROUPED,Historical archive evidence; not approved sampling plan,UNCONFIRMED,
Mama's Love Baby Oil,Accupoint,Filling,Accupoint,Filling Tank,,8,8,EM-5C-GROUPED,Historical archive evidence; not approved sampling plan,UNCONFIRMED,
Mama's Love Baby Oil,Accupoint,Filling,Accupoint,Filling Tank,Not more than 100 RLU,6,6,EM-5C-GROUPED,Historical archive evidence; not approved sampling plan,UNCONFIRMED,
Mama's Love Baby Oil,Accupoint,Filling,Accupoint,Holding Tank,Not more than 100 RLU,8,8,EM-5C-GROUPED,Historical archive evidence; not approved sampling plan,UNCONFIRMED,
Mama's Love Baby Oil,Accupoint,Filling,Accupoint,Nozzle,,14,14,EM-5C-GROUPED,Historical archive evidence; not approved sampling plan,UNCONFIRMED,
Mama's Love Baby Oil,Accupoint,Filling,Accupoint,Pipe,,8,8,EM-5C-GROUPED,Historical archive evidence; not approved sampling plan,UNCONFIRMED,
Mama's Love Baby Oil,SPC/MY,Compounding,SPC/MY,Mixing Tank 2,Not more than 100 cfu/mL,4,4,EM-5C-GROUPED,Historical archive evidence; not approved sampling plan,UNCONFIRMED,
Mama's Love Baby Oil,SPC/MY,Compounding,SPC/MY,Mixing Tank 2,Not more than 30 cfu/mL,4,4,EM-5C-GROUPED,Historical archive evidence; not approved sampling plan,UNCONFIRMED,
Mama's Love Baby Oil,SPC/MY,Compounding,SPC/MY,Mixing Tank 3,Not more than 100 cfu/mL,5,5,EM-5C-GROUPED,Historical archive evidence; not approved sampling plan,UNCONFIRMED,
Mama's Love Baby Oil,SPC/MY,Compounding,SPC/MY,Mixing Tank 3,Not more than 30 cfu/mL,5,5,EM-5C-GROUPED,Historical archive evidence; not approved sampling plan,UNCONFIRMED,
Mama's Love Baby Oil,SPC/MY,Compounding,SPC/MY,Spatula,,18,9,EM-5C-GROUPED,Historical archive evidence; not approved sampling plan,UNCONFIRMED,
Mama's Love Baby Oil,SPC/MY,Filling,SPC/MY,Filling Tank,,12,6,EM-5C-GROUPED,Historical archive evidence; not approved sampling plan,UNCONFIRMED,
Mama's Love Baby Oil,SPC/MY,Filling,SPC/MY,Filling Tank,Not more than 10 0 cfu/mL,2,2,EM-5C-GROUPED,Historical archive evidence; not approved sampling plan,UNCONFIRMED,
Mama's Love Baby Oil,SPC/MY,Filling,SPC/MY,Filling Tank,Not more than 100 cfu/mL,2,2,EM-5C-GROUPED,Historical archive evidence; not approved sampling plan,UNCONFIRMED,
Mama's Love Baby Oil,SPC/MY,Filling,SPC/MY,Filling Tank,Not more than 30 cfu/mL,4,4,EM-5C-GROUPED,Historical archive evidence; not approved sampling plan,UNCONFIRMED,
Mama's Love Baby Oil,SPC/MY,Filling,SPC/MY,Holding,Not more than 100 cfu/mL,3,3,EM-5C-GROUPED,Historical archive evidence; not approved sampling plan,UNCONFIRMED,
Mama's Love Baby Oil,SPC/MY,Filling,SPC/MY,Holding,Not more than 30 cfu/mL,3,3,EM-5C-GROUPED,Historical archive evidence; not approved sampling plan,UNCONFIRMED,
Mama's Love Baby Oil,SPC/MY,Filling,SPC/MY,Holding Tank,Not more than 100 cfu/mL,3,3,EM-5C-GROUPED,Historical archive evidence; not approved sampling plan,UNCONFIRMED,
Mama's Love Baby Oil,SPC/MY,Filling,SPC/MY,Holding Tank,Not more than 30 cfu/mL,3,3,EM-5C-GROUPED,Historical archive evidence; not approved sampling plan,UNCONFIRMED,
Mama's Love Baby Oil,SPC/MY,Filling,SPC/MY,Nozzle,,20,10,EM-5C-GROUPED,Historical archive evidence; not approved sampling plan,UNCONFIRMED,
Mama's Love Baby Oil,SPC/MY,Filling,SPC/MY,Pipe,,12,6,EM-5C-GROUPED,Historical archive evidence; not approved sampling plan,UNCONFIRMED,
Omega Pain Killer Liniment - Export,Accupoint,Compounding,Accupoint,Dip Stick 29,,1,1,EM-5C-GROUPED,Historical archive evidence; not approved sampling plan,UNCONFIRMED,
Omega Pain Killer Liniment - Export,Accupoint,Compounding,Accupoint,Emulsifier Tank 4 Port/Valve,,1,1,EM-5C-GROUPED,Historical archive evidence; not approved sampling plan,UNCONFIRMED,
Omega Pain Killer Liniment - Export,Accupoint,Compounding,Accupoint,Emulsifier Tank 4 Stirrer,,1,1,EM-5C-GROUPED,Historical archive evidence; not approved sampling plan,UNCONFIRMED,
Omega Pain Killer Liniment - Export,Accupoint,Compounding,Accupoint,Emulsifier Tank 4 Surface,,1,1,EM-5C-GROUPED,Historical archive evidence; not approved sampling plan,UNCONFIRMED,
Omega Pain Killer Liniment - Export,Accupoint,Compounding,Accupoint,Ladle 25,,1,1,EM-5C-GROUPED,Historical archive evidence; not approved sampling plan,UNCONFIRMED,
Omega Pain Killer Liniment - Export,Accupoint,Compounding,Accupoint,Overhead Stirrer 32,,1,1,EM-5C-GROUPED,Historical archive evidence; not approved sampling plan,UNCONFIRMED,
Omega Pain Killer Liniment - Export,Accupoint,Compounding,Accupoint,Premix Tank 2 Metal Hose,,1,1,EM-5C-GROUPED,Historical archive evidence; not approved sampling plan,UNCONFIRMED,
Omega Pain Killer Liniment - Export,Accupoint,Compounding,Accupoint,Premix Tank 2 Rubber Hose,,1,1,EM-5C-GROUPED,Historical archive evidence; not approved sampling plan,UNCONFIRMED,
Omega Pain Killer Liniment - Export,Accupoint,Compounding,Accupoint,Premix Tank 2 Stirrer,,1,1,EM-5C-GROUPED,Historical archive evidence; not approved sampling plan,UNCONFIRMED,
Omega Pain Killer Liniment - Export,Accupoint,Compounding,Accupoint,Premix Tank 2 Surface,Not more than 100 RLU,1,1,EM-5C-GROUPED,Historical archive evidence; not approved sampling plan,UNCONFIRMED,
Omega Pain Killer Liniment - Export,Accupoint,Compounding,Accupoint,Sieve 30,,1,1,EM-5C-GROUPED,Historical archive evidence; not approved sampling plan,UNCONFIRMED,
Omega Pain Killer Liniment - Export,Accupoint,Compounding,Accupoint,Spatula 23,,1,1,EM-5C-GROUPED,Historical archive evidence; not approved sampling plan,UNCONFIRMED,
Omega Pain Killer Liniment - Export,Accupoint,Compounding,Accupoint,Spoon 33,,1,1,EM-5C-GROUPED,Historical archive evidence; not approved sampling plan,UNCONFIRMED,
Omega Pain Killer Liniment - Export,Accupoint,Compounding,Accupoint,Stainless Beaker 27,,1,1,EM-5C-GROUPED,Historical archive evidence; not approved sampling plan,UNCONFIRMED,
Omega Pain Killer Liniment - Export,Accupoint,Compounding,Accupoint,Stainless Drum 21,Not more than 100 RLU,1,1,EM-5C-GROUPED,Historical archive evidence; not approved sampling plan,UNCONFIRMED,
Omega Pain Killer Liniment - Export,Accupoint,Compounding,Accupoint,Stainless Drum 22,,1,1,EM-5C-GROUPED,Historical archive evidence; not approved sampling plan,UNCONFIRMED,
Omega Pain Killer Liniment - Export,Accupoint,Compounding,Accupoint,Stainless Pail 31,,1,1,EM-5C-GROUPED,Historical archive evidence; not approved sampling plan,UNCONFIRMED,
Omega Pain Killer Liniment - Export,Accupoint,Filling,Accupoint,Caps Vibrator,,6,6,EM-5C-GROUPED,Historical archive evidence; not approved sampling plan,UNCONFIRMED,
Omega Pain Killer Liniment - Export,Accupoint,Filling,Accupoint,Compounding to Filling Pipe,,6,6,EM-5C-GROUPED,Historical archive evidence; not approved sampling plan,UNCONFIRMED,
Omega Pain Killer Liniment - Export,Accupoint,Filling,Accupoint,Filling Tank Surface,Not more than 100 RLU,6,6,EM-5C-GROUPED,Historical archive evidence; not approved sampling plan,UNCONFIRMED,
Omega Pain Killer Liniment - Export,Accupoint,Filling,Accupoint,Filling Tank Tube/Stirrer,,6,6,EM-5C-GROUPED,Historical archive evidence; not approved sampling plan,UNCONFIRMED,
Omega Pain Killer Liniment - Export,Accupoint,Filling,Accupoint,Nozzle 1-6,,6,6,EM-5C-GROUPED,Historical archive evidence; not approved sampling plan,UNCONFIRMED,
Omega Pain Killer Liniment - Export,Accupoint,Filling,Accupoint,Nozzle 13-18,,6,6,EM-5C-GROUPED,Historical archive evidence; not approved sampling plan,UNCONFIRMED,
Omega Pain Killer Liniment - Export,Accupoint,Filling,Accupoint,Nozzle 19-24,,6,6,EM-5C-GROUPED,Historical archive evidence; not approved sampling plan,UNCONFIRMED,
Omega Pain Killer Liniment - Export,Accupoint,Filling,Accupoint,Nozzle 7-12,,6,6,EM-5C-GROUPED,Historical archive evidence; not approved sampling plan,UNCONFIRMED,
Omega Pain Killer Liniment - Export,Accupoint,Filling,Accupoint,Return Tank Surface,,6,6,EM-5C-GROUPED,Historical archive evidence; not approved sampling plan,UNCONFIRMED,
Omega Pain Killer Liniment - Export,Accupoint,Weighing & Compounding,Accupoint,Bar 20 (A),,1,1,EM-5C-GROUPED,Historical archive evidence; not approved sampling plan,UNCONFIRMED,
Omega Pain Killer Liniment - Export,Accupoint,Weighing & Compounding,Accupoint,Scoop 10 (A),,1,1,EM-5C-GROUPED,Historical archive evidence; not approved sampling plan,UNCONFIRMED,
Omega Pain Killer Liniment - Export,Accupoint,Weighing & Compounding,Accupoint,Scoop 11 (A),,1,1,EM-5C-GROUPED,Historical archive evidence; not approved sampling plan,UNCONFIRMED,
Omega Pain Killer Liniment - Export,Accupoint,Weighing & Compounding,Accupoint,Scoop 12 (A),,1,1,EM-5C-GROUPED,Historical archive evidence; not approved sampling plan,UNCONFIRMED,
Omega Pain Killer Liniment - Export,Accupoint,Weighing & Compounding,Accupoint,Scoop 13 (A),,1,1,EM-5C-GROUPED,Historical archive evidence; not approved sampling plan,UNCONFIRMED,
Omega Pain Killer Liniment - Export,Accupoint,Weighing & Compounding,Accupoint,Scoop 14 (A),,1,1,EM-5C-GROUPED,Historical archive evidence; not approved sampling plan,UNCONFIRMED,
Omega Pain Killer Liniment - Export,Accupoint,Weighing & Compounding,Accupoint,Scoop 15 (A),,1,1,EM-5C-GROUPED,Historical archive evidence; not approved sampling plan,UNCONFIRMED,
Omega Pain Killer Liniment - Export,Accupoint,Weighing & Compounding,Accupoint,Scoop 19 (A),,1,1,EM-5C-GROUPED,Historical archive evidence; not approved sampling plan,UNCONFIRMED,
Omega Pain Killer Liniment - Export,Accupoint,Weighing & Compounding,Accupoint,Scoop 19 (B),,1,1,EM-5C-GROUPED,Historical archive evidence; not approved sampling plan,UNCONFIRMED,
Omega Pain Killer Liniment - Export,Accupoint,Weighing & Compounding,Accupoint,Spoon 18 (A),,1,1,EM-5C-GROUPED,Historical archive evidence; not approved sampling plan,UNCONFIRMED,
Omega Pain Killer Liniment - Export,Accupoint,Weighing & Compounding,Accupoint,Spoon 21 (A),,1,1,EM-5C-GROUPED,Historical archive evidence; not approved sampling plan,UNCONFIRMED,
Omega Pain Killer Liniment - Export,Accupoint,Weighing & Compounding,Accupoint,Stainless Beaker 16 (A),,1,1,EM-5C-GROUPED,Historical archive evidence; not approved sampling plan,UNCONFIRMED,
Omega Pain Killer Liniment - Export,Accupoint,Weighing & Compounding,Accupoint,Stainless Beaker 17 (A),,1,1,EM-5C-GROUPED,Historical archive evidence; not approved sampling plan,UNCONFIRMED,
Omega Pain Killer Liniment - Export,Accupoint,Weighing & Compounding,Accupoint,Stainless Drum 1 (A),Not more than 100 RLU,1,1,EM-5C-GROUPED,Historical archive evidence; not approved sampling plan,UNCONFIRMED,
Omega Pain Killer Liniment - Export,Accupoint,Weighing & Compounding,Accupoint,Stainless Drum 2 (A),,1,1,EM-5C-GROUPED,Historical archive evidence; not approved sampling plan,UNCONFIRMED,
Omega Pain Killer Liniment - Export,Accupoint,Weighing & Compounding,Accupoint,Stainless Drum 5 (A),,1,1,EM-5C-GROUPED,Historical archive evidence; not approved sampling plan,UNCONFIRMED,
Omega Pain Killer Liniment - Export,Accupoint,Weighing & Compounding,Accupoint,Stainless Drum 6 (A),,1,1,EM-5C-GROUPED,Historical archive evidence; not approved sampling plan,UNCONFIRMED,
Omega Pain Killer Liniment - Export,Accupoint,Weighing & Compounding,Accupoint,Stainless Drum 9 (A),,1,1,EM-5C-GROUPED,Historical archive evidence; not approved sampling plan,UNCONFIRMED,
Omega Pain Killer Liniment - Export,Accupoint,Weighing & Compounding,Accupoint,Stainless Pail 3 (A),,1,1,EM-5C-GROUPED,Historical archive evidence; not approved sampling plan,UNCONFIRMED,
Omega Pain Killer Liniment - Export,Accupoint,Weighing & Compounding,Accupoint,Stainless Pail 4 (A),,1,1,EM-5C-GROUPED,Historical archive evidence; not approved sampling plan,UNCONFIRMED,
Omega Pain Killer Liniment - Export,Accupoint,Weighing & Compounding,Accupoint,Stainless Pail 7 (A),,1,1,EM-5C-GROUPED,Historical archive evidence; not approved sampling plan,UNCONFIRMED,
Omega Pain Killer Liniment - Export,Accupoint,Weighing & Compounding,Accupoint,Stainless Pail 8 (A),,1,1,EM-5C-GROUPED,Historical archive evidence; not approved sampling plan,UNCONFIRMED,
Omega Pain Killer Liniment - Export,SPC/MY,Compounding,SPC/MY,Dip Stick 29,,2,1,EM-5C-GROUPED,Historical archive evidence; not approved sampling plan,UNCONFIRMED,
Omega Pain Killer Liniment - Export,SPC/MY,Compounding,SPC/MY,Emulsifier Tank 4 Port/Valve,,2,1,EM-5C-GROUPED,Historical archive evidence; not approved sampling plan,UNCONFIRMED,
Omega Pain Killer Liniment - Export,SPC/MY,Compounding,SPC/MY,Emulsifier Tank 4 Stirrer,,1,1,EM-5C-GROUPED,Historical archive evidence; not approved sampling plan,UNCONFIRMED,
Omega Pain Killer Liniment - Export,SPC/MY,Compounding,SPC/MY,Emulsifier Tank 4 Surface,,2,1,EM-5C-GROUPED,Historical archive evidence; not approved sampling plan,UNCONFIRMED,
Omega Pain Killer Liniment - Export,SPC/MY,Compounding,SPC/MY,Emulsifier Tank 5 Stirrer,,1,1,EM-5C-GROUPED,Historical archive evidence; not approved sampling plan,UNCONFIRMED,
Omega Pain Killer Liniment - Export,SPC/MY,Compounding,SPC/MY,Ladle 25,,2,1,EM-5C-GROUPED,Historical archive evidence; not approved sampling plan,UNCONFIRMED,
Omega Pain Killer Liniment - Export,SPC/MY,Compounding,SPC/MY,Overhead Stirrer 32,,2,1,EM-5C-GROUPED,Historical archive evidence; not approved sampling plan,UNCONFIRMED,
Omega Pain Killer Liniment - Export,SPC/MY,Compounding,SPC/MY,Premix Tank 2 Metal Hose,,2,1,EM-5C-GROUPED,Historical archive evidence; not approved sampling plan,UNCONFIRMED,
Omega Pain Killer Liniment - Export,SPC/MY,Compounding,SPC/MY,Premix Tank 2 Rubber Hose,,2,1,EM-5C-GROUPED,Historical archive evidence; not approved sampling plan,UNCONFIRMED,
Omega Pain Killer Liniment - Export,SPC/MY,Compounding,SPC/MY,Premix Tank 2 Stirrer,,2,1,EM-5C-GROUPED,Historical archive evidence; not approved sampling plan,UNCONFIRMED,
Omega Pain Killer Liniment - Export,SPC/MY,Compounding,SPC/MY,Premix Tank 2 Surface,Not more than 100 cfu/mL,1,1,EM-5C-GROUPED,Historical archive evidence; not approved sampling plan,UNCONFIRMED,
Omega Pain Killer Liniment - Export,SPC/MY,Compounding,SPC/MY,Premix Tank 2 Surface,Not more than 30 cfu/mL,1,1,EM-5C-GROUPED,Historical archive evidence; not approved sampling plan,UNCONFIRMED,
Omega Pain Killer Liniment - Export,SPC/MY,Compounding,SPC/MY,Sieve 30,,2,1,EM-5C-GROUPED,Historical archive evidence; not approved sampling plan,UNCONFIRMED,
Omega Pain Killer Liniment - Export,SPC/MY,Compounding,SPC/MY,Spatula 23,,2,1,EM-5C-GROUPED,Historical archive evidence; not approved sampling plan,UNCONFIRMED,
Omega Pain Killer Liniment - Export,SPC/MY,Compounding,SPC/MY,Spoon 33,,2,1,EM-5C-GROUPED,Historical archive evidence; not approved sampling plan,UNCONFIRMED,
Omega Pain Killer Liniment - Export,SPC/MY,Compounding,SPC/MY,Stainless Beaker 27,,2,1,EM-5C-GROUPED,Historical archive evidence; not approved sampling plan,UNCONFIRMED,
Omega Pain Killer Liniment - Export,SPC/MY,Compounding,SPC/MY,Stainless Drum 21,Not more than 100 cfu/mL,1,1,EM-5C-GROUPED,Historical archive evidence; not approved sampling plan,UNCONFIRMED,
Omega Pain Killer Liniment - Export,SPC/MY,Compounding,SPC/MY,Stainless Drum 21,Not more than 30 cfu/mL,1,1,EM-5C-GROUPED,Historical archive evidence; not approved sampling plan,UNCONFIRMED,
Omega Pain Killer Liniment - Export,SPC/MY,Compounding,SPC/MY,Stainless Drum 22,,2,1,EM-5C-GROUPED,Historical archive evidence; not approved sampling plan,UNCONFIRMED,
Omega Pain Killer Liniment - Export,SPC/MY,Compounding,SPC/MY,Stainless Pail 31,,2,1,EM-5C-GROUPED,Historical archive evidence; not approved sampling plan,UNCONFIRMED,
Omega Pain Killer Liniment - Export,SPC/MY,Filling,SPC/MY,Caps Vibrator,,12,6,EM-5C-GROUPED,Historical archive evidence; not approved sampling plan,UNCONFIRMED,
Omega Pain Killer Liniment - Export,SPC/MY,Filling,SPC/MY,Compounding-to-Filling Pipe,,12,6,EM-5C-GROUPED,Historical archive evidence; not approved sampling plan,UNCONFIRMED,
Omega Pain Killer Liniment - Export,SPC/MY,Filling,SPC/MY,Filling Tank Surface,Not more than 100 cfu/mL,6,6,EM-5C-GROUPED,Historical archive evidence; not approved sampling plan,UNCONFIRMED,
Omega Pain Killer Liniment - Export,SPC/MY,Filling,SPC/MY,Filling Tank Surface,Not more than 30 cfu/mL,6,6,EM-5C-GROUPED,Historical archive evidence; not approved sampling plan,UNCONFIRMED,
Omega Pain Killer Liniment - Export,SPC/MY,Filling,SPC/MY,Filling Tank Tube/Stirrer,,12,6,EM-5C-GROUPED,Historical archive evidence; not approved sampling plan,UNCONFIRMED,
Omega Pain Killer Liniment - Export,SPC/MY,Filling,SPC/MY,Nozzle 1-6,,12,6,EM-5C-GROUPED,Historical archive evidence; not approved sampling plan,UNCONFIRMED,
Omega Pain Killer Liniment - Export,SPC/MY,Filling,SPC/MY,Nozzle 13-18,,12,6,EM-5C-GROUPED,Historical archive evidence; not approved sampling plan,UNCONFIRMED,
Omega Pain Killer Liniment - Export,SPC/MY,Filling,SPC/MY,Nozzle 19-24,,12,6,EM-5C-GROUPED,Historical archive evidence; not approved sampling plan,UNCONFIRMED,
Omega Pain Killer Liniment - Export,SPC/MY,Filling,SPC/MY,Nozzle 7-12,,12,6,EM-5C-GROUPED,Historical archive evidence; not approved sampling plan,UNCONFIRMED,
Omega Pain Killer Liniment - Export,SPC/MY,Filling,SPC/MY,Return Tank Surface,,12,6,EM-5C-GROUPED,Historical archive evidence; not approved sampling plan,UNCONFIRMED,
