documents_in_signature,logical_columns_first_rows,header_text,format_candidate,example_archive_path,classification
3603,"5; row widths 5,5,5",ANALYSIS DESIRED: | Area | Standard Specifications | Results | Remarks,REVIEW-4C-OR-OTHER,PF- Environmental Monitoring/2024/25 Seven Feminine Wash/Accupoint/Compouding - 25 Seven Feminine Wash (CWG02 - Accupoint).docx,Structurally distinct; owner review required
3603,"5; row widths 5,5,5",ANALYSIS DESIRED: | Area | Standard Specifications | Results | Remarks,REVIEW-4C-OR-OTHER,PF- Environmental Monitoring/2024/25 Seven Feminine Wash/Accupoint/Compouding - 25 Seven Feminine Wash (CWI03 - Accupoint).docx,Structurally distinct; owner review required
3603,"5; row widths 5,5,5",ANALYSIS DESIRED: | Area | Standard Specifications | Results | Remarks,REVIEW-4C-OR-OTHER,PF- Environmental Monitoring/2024/25 Seven Feminine Wash/Accupoint/FILLING - 25 Seven Feminine Wash (CWG02 - Accupoint).docx,Structurally distinct; owner review required
3603,"5; row widths 5,5,5",ANALYSIS DESIRED: | Area | Standard Specifications | Results | Remarks,REVIEW-4C-OR-OTHER,PF- Environmental Monitoring/2024/25 Seven Feminine Wash/Accupoint/FILLING - 25 Seven Feminine Wash (CWI03 - Accupoint).docx,Structurally distinct; owner review required
3603,"5; row widths 5,5,5",ANALYSIS DESIRED: | Area | Standard Specifications | Results | Remarks,REVIEW-4C-OR-OTHER,PF- Environmental Monitoring/2024/25 Seven Feminine Wash/FILLING - 25 Seven Odor Protect Anti-Perspirant For Women Roll On (CWG02 - Accupoint).docx,Structurally distinct; owner review required
3603,"5; row widths 5,5,5",ANALYSIS DESIRED: | Area | Standard Specifications | Results | Remarks,REVIEW-4C-OR-OTHER,PF- Environmental Monitoring/2024/25 Seven Feminine Wash/SPCMY/SPCMY (Open Plate)- 25 Seven Feminine Wash (CWI03).docx,Structurally distinct; owner review required
3603,"5; row widths 5,5,5",ANALYSIS DESIRED: | Area | Standard Specifications | Results | Remarks,REVIEW-4C-OR-OTHER,PF- Environmental Monitoring/2024/25 Seven Feminine Wash/SPCMY/SPCMY - Compouding - 25 Seven Feminine Wash  (CWI03).docx,Structurally distinct; owner review required
3603,"5; row widths 5,5,5",ANALYSIS DESIRED: | Area | Standard Specifications | Results | Remarks,REVIEW-4C-OR-OTHER,PF- Environmental Monitoring/2024/25 Seven Feminine Wash/SPCMY/SPCMY - FILLING - 25 Seven Feminine Wash (CWI03).docx,Structurally distinct; owner review required
3603,"5; row widths 5,5,5",ANALYSIS DESIRED: | Area | Standard Specifications | Results | Remarks,REVIEW-4C-OR-OTHER,PF- Environmental Monitoring/2024/25 Seven Feminine Wash/SPCMY (Open Plate)- Compouding - 25 Seven Odor Protect Anti-Perspirant For Women Roll On (CWD01).docx,Structurally distinct; owner review required
3603,"5; row widths 5,5,5",ANALYSIS DESIRED: | Area | Standard Specifications | Results | Remarks,REVIEW-4C-OR-OTHER,PF- Environmental Monitoring/2024/25 Seven Feminine Wash/SPCMY - Compouding - 25 Seven Odor Protect Anti-Perspirant For Women Roll On (CWD01).docx,Structurally distinct; owner review required
3603,"5; row widths 5,5,5",ANALYSIS DESIRED: | Area | Standard Specifications | Results | Remarks,REVIEW-4C-OR-OTHER,PF- Environmental Monitoring/2024/25 Seven Odor Protect Roll On/Compouding - 25 Seven Odor Protect Anti-Perspirant For Women Roll On (CWD01 - Accupoint).docx,Structurally distinct; owner review required
3603,"5; row widths 5,5,5",ANALYSIS DESIRED: | Area | Standard Specifications | Results | Remarks,REVIEW-4C-OR-OTHER,PF- Environmental Monitoring/2024/25 Seven Odor Protect Roll On/Compouding - 25 Seven Odor Protect Anti-Perspirant For Women Roll On (CWI02 - Accupoint).docx,Structurally distinct; owner review required
13,"5; row widths 5,5",ANALYSIS DESIRED: | Area | Standard Specifications | Results | Remarks,REVIEW-4C-OR-OTHER,PF- Environmental Monitoring/2024/AKOZ Renio-K Herbal Tea/Accupoint/Compounding - FWG04 Accupoint AKOZ Renio-K Herbal Tea.docx,Structurally distinct; owner review required
13,"5; row widths 5,5",ANALYSIS DESIRED: | Area | Standard Specifications | Results | Remarks,REVIEW-4C-OR-OTHER,PF- Environmental Monitoring/2024/AKOZ Renio-K Herbal Tea/Accupoint/Filling - FWG04 Accupoint AKOZ Renio-K Herbal Tea.docx,Structurally distinct; owner review required
13,"5; row widths 5,5",ANALYSIS DESIRED: | Area | Standard Specifications | Results | Remarks,REVIEW-4C-OR-OTHER,PF- Environmental Monitoring/2024/Aromassage Oil/Aromassage - Hydrating/Compounding/Accupoint - Aromassage Hydrating CWB02.docx,Structurally distinct; owner review required
13,"5; row widths 5,5",ANALYSIS DESIRED: | Area | Standard Specifications | Results | Remarks,REVIEW-4C-OR-OTHER,PF- Environmental Monitoring/2024/Aromassage Oil/Aromassage - Hydrating/Compounding/Accupoint - Aromassage Hydrating CWB03.docx,Structurally distinct; owner review required
13,"5; row widths 5,5",ANALYSIS DESIRED: | Area | Standard Specifications | Results | Remarks,REVIEW-4C-OR-OTHER,PF- Environmental Monitoring/2024/Aromassage Oil/Aromassage - Hydrating/Compounding/Accupoint - Aromassage Hydrating CWD05.docx,Structurally distinct; owner review required
13,"5; row widths 5,5",ANALYSIS DESIRED: | Area | Standard Specifications | Results | Remarks,REVIEW-4C-OR-OTHER,PF- Environmental Monitoring/2024/Aromassage Oil/Aromassage - Hydrating/Compounding/Accupoint - Aromassage Hydrating CWG08.docx,Structurally distinct; owner review required
13,"5; row widths 5,5",ANALYSIS DESIRED: | Area | Standard Specifications | Results | Remarks,REVIEW-4C-OR-OTHER,PF- Environmental Monitoring/2024/Aromassage Oil/Aromassage - Hydrating/Compounding/Accupoint - Aromassage Hydrating CWJ10.docx,Structurally distinct; owner review required
13,"5; row widths 5,5",ANALYSIS DESIRED: | Area | Standard Specifications | Results | Remarks,REVIEW-4C-OR-OTHER,PF- Environmental Monitoring/2024/Aromassage Oil/Aromassage - Moisturizing/Accupoint - AromassageMoisturizing CWI10.docx,Structurally distinct; owner review required
13,"5; row widths 5,5",ANALYSIS DESIRED: | Area | Standard Specifications | Results | Remarks,REVIEW-4C-OR-OTHER,PF- Environmental Monitoring/2024/Aromassage Oil/Aromassage - Nourishing/Compounding - Aromassage Oil Nourishing/Accupoint - Aromassage Nourishing CWD05.docx,Structurally distinct; owner review required
13,"5; row widths 5,5",ANALYSIS DESIRED: | Area | Standard Specifications | Results | Remarks,REVIEW-4C-OR-OTHER,PF- Environmental Monitoring/2024/Aromassage Oil/Aromassage - Nourishing/Compounding - Aromassage Oil Nourishing/Accupoint - Aromassage Nourishing CWJ10.docx,Structurally distinct; owner review required
13,"5; row widths 5,5",ANALYSIS DESIRED: | Area | Standard Specifications | Results | Remarks,REVIEW-4C-OR-OTHER,PF- Environmental Monitoring/2024/Cheer's Baby Oil/Bouquet/Bouquet CWI30 Accupoint Compounding.docx,Structurally distinct; owner review required
13,"5; row widths 5,5",ANALYSIS DESIRED: | Area | Standard Specifications | Results | Remarks,REVIEW-4C-OR-OTHER,PF- Environmental Monitoring/2025/Mama's Love Baby Oil/COMPOUNDING/Mama's Love Baby Oil CXI33 Accupoint (KM).docx,Structurally distinct; owner review required
3,"6; row widths 6,7,7",ANALYSIS DESIRED: | Phase | Area | Standard Specifications | Results | Remarks,EM-WH-PHASE-7C,PF- Environmental Monitoring/2025/Warehouse 4 Internal Sampling Area/Warehouse 4 Internal Sampling Area - For Qualification - 2.docx,Structurally distinct; owner review required
3,"6; row widths 6,7,7",ANALYSIS DESIRED: | Phase | Area | Standard Specifications | Results | Remarks,EM-WH-PHASE-7C,PF- Environmental Monitoring/2025/Warehouse 4 Internal Sampling Area/Warehouse 4 Internal Sampling Area - For Qualification - 3.docx,Structurally distinct; owner review required
3,"6; row widths 6,7,7",ANALYSIS DESIRED: | Phase | Area | Standard Specifications | Results | Remarks,EM-WH-PHASE-7C,PF- Environmental Monitoring/2025/Warehouse 4 Internal Sampling Area/Warehouse 4 Internal Sampling Area - For Qualification.docx,Structurally distinct; owner review required
3,"4; row widths 4,4,4",ANALYSIS DESIRED: | Standard Specifications | Results | Remarks,REVIEW-4C-OR-OTHER,PF- Environmental Monitoring/2026/SPCMY - Water Treatment Validation- Source.docx,Structurally distinct; owner review required
3,"4; row widths 4,4,4",ANALYSIS DESIRED: | Standard Specifications | Results | Remarks,REVIEW-4C-OR-OTHER,PF- Environmental Monitoring/2026/SPCMY - Water Treatment Validation- T3 SP.docx,Structurally distinct; owner review required
3,"4; row widths 4,4,4",ANALYSIS DESIRED: | Standard Specifications | Results | Remarks,REVIEW-4C-OR-OTHER,PF- Environmental Monitoring/2026/SPCMY - Water Treatment Validation- T4 SP.docx,Structurally distinct; owner review required
2,"4; row widths 4,3,4",ANALYSIS DESIRED: | Standard Specifications | Results | Remarks,REVIEW-4C-OR-OTHER,PF- Environmental Monitoring/2024/Herbycin Syrup/GIP/Herbycin Syrup GIP LWJ02.docx,Structurally distinct; owner review required
2,"4; row widths 4,3,4",ANALYSIS DESIRED: | Standard Specifications | Results | Remarks,REVIEW-4C-OR-OTHER,PF- Environmental Monitoring/2024/Herbycin Syrup/GIP/Herbycin Syrup GIP LWJ03.docx,Structurally distinct; owner review required
1,"5; row widths 5,5,5",ANALYSIS DESIRED: | Area | Stan dard Specifications | Results | Remarks,REVIEW-4C-OR-OTHER,PF- Environmental Monitoring/2024/Cheer's Baby Oil/Florabelle/SPCMY - Florabelle CWI13.docx,Structurally distinct; owner review required
